{"stats":{"minecraft:mined":{"ecologics:seashell":1,"luminousworld:grassvariant_4":1,"minecraft:crafting_table":1,"minecraft:grass":1,"minecraft:coal_ore":2,"minecraft:oak_log":6,"ecologics:coconut_log":12,"minecraft:stone":41,"minecraft:sugar_cane":4},"minecraft:custom":{"minecraft:time_since_rest":12621,"minecraft:sprint_one_cm":17405,"minecraft:damage_taken":180,"minecraft:walk_one_cm":40959,"minecraft:mob_kills":7,"minecraft:damage_dealt":1198,"minecraft:interact_with_crafting_table":6,"minecraft:swim_one_cm":11919,"minecraft:fly_one_cm":26243,"minecraft:open_barrel":3,"minecraft:crouch_one_cm":143,"minecraft:play_time":12621,"minecraft:sneak_time":135,"minecraft:walk_under_water_one_cm":3692,"minecraft:jump":181,"minecraft:walk_on_water_one_cm":4920,"minecraft:time_since_death":12621,"minecraft:total_world_time":12621,"minecraft:fall_one_cm":3882},"minecraft:crafted":{"minecraft:oak_planks":24,"minecraft:crafting_table":1,"ecologics:coconut_planks":48,"minecraft:stick":20,"minecraft:wooden_pickaxe":1,"minecraft:stone_pickaxe":1,"minecraft:stone_axe":1},"minecraft:used":{"minecraft:stone_pickaxe":37,"minecraft:wooden_pickaxe":6,"minecraft:stone_axe":32,"ecologics:coconut_slice":12,"minecraft:cobblestone":2,"minecraft:crafting_table":1,"ecologics:seashell":1,"alexsmobs:animal_dictionary":1},"minecraft:killed":{"ecologics:coconut_crab":5,"born_in_chaos_v1:corpse_fish":2},"minecraft:picked_up":{"minecraft:crafting_table":1,"ecologics:coconut_slice":18,"ecologics:seashell":1,"minecraft:oak_log":6,"ecologics:coconut_log":12,"born_in_chaos_v1:rotten_fish":1,"minecraft:sugar_cane":11,"minecraft:coal":2,"ecologics:crab_claw":4,"minecraft:cobblestone":41}},"DataVersion":3465}