{"stats":{"minecraft:mined":{"supplementaries:urn":2,"iceandfire:silver_ore":1,"ecologics:seashell":1,"luminousworld:grassvariant_4":1,"minecraft:crafting_table":2,"minecraft:grass":1,"minecraft:coal_ore":2,"minecraft:oak_log":6,"minecraft:cobblestone":1,"ecologics:coconut_log":14,"minecraft:stone":46,"minecraft:sugar_cane":8},"minecraft:custom":{"minecraft:time_since_rest":1,"minecraft:sprint_one_cm":64163,"minecraft:damage_taken":940,"minecraft:walk_one_cm":61314,"minecraft:mob_kills":12,"minecraft:damage_dealt":2124,"minecraft:interact_with_crafting_table":7,"minecraft:swim_one_cm":21106,"minecraft:fly_one_cm":120769,"minecraft:open_barrel":3,"tombstone:undead_killed":3,"minecraft:crouch_one_cm":411,"minecraft:play_time":24621,"minecraft:deaths":3,"minecraft:sneak_time":345,"minecraft:walk_under_water_one_cm":4472,"minecraft:jump":495,"minecraft:walk_on_water_one_cm":8984,"minecraft:time_since_death":797,"minecraft:total_world_time":24621,"minecraft:fall_one_cm":5939},"minecraft:crafted":{"minecraft:wooden_sword":1,"minecraft:oak_planks":24,"minecraft:crafting_table":2,"ecologics:coconut_planks":56,"minecraft:stick":24,"minecraft:wooden_pickaxe":1,"minecraft:stone_pickaxe":1,"minecraft:stone_axe":1},"minecraft:used":{"minecraft:stone_pickaxe":44,"minecraft:wooden_pickaxe":6,"minecraft:wooden_sword":28,"minecraft:stone_axe":35,"ecologics:coconut_slice":19,"minecraft:cobblestone":19,"minecraft:crafting_table":2,"ecologics:seashell":1,"tombstone:gift":2,"alexsmobs:animal_dictionary":1},"minecraft:killed_by":{"minecraft:skeleton":1,"minecraft:zombie":1},"minecraft:killed":{"minecraft:skeleton":1,"alexsmobs:lobster":1,"naturalist:bass":1,"ecologics:coconut_crab":5,"born_in_chaos_v1:corpse_fish":2,"born_in_chaos_v1:siamese_skeletonsright":1,"born_in_chaos_v1:siamese_skeletonsleft":1},"minecraft:picked_up":{"born_in_chaos_v1:fused_bone":1,"minecraft:crafting_table":2,"ecologics:coconut_slice":25,"ecologics:seashell":1,"minecraft:oak_log":6,"tombstone:grave_key":1,"minecraft:diorite":1,"minecraft:bone":5,"minecraft:rotten_flesh":1,"ecologics:coconut_log":14,"minecraft:emerald":3,"born_in_chaos_v1:rotten_fish":1,"minecraft:sugar_cane":19,"minecraft:coal":2,"iceandfire:raw_silver":1,"ecologics:crab_claw":4,"minecraft:cobblestone":49}},"DataVersion":3465}