{"stats":{"minecraft:picked_up":{"illagerinvasion:platinum_chunk":8,"minecraft:chainmail_boots":2,"minecraft:flower_pot":1,"artifacts:bunny_hoppers":1,"minecraft:enchanted_book":1,"minecraft:wither_rose":1,"minecraft:potion":2,"minecraft:golden_shovel":1,"minecraft:brewing_stand":1,"iceandfire:manuscript":3,"minecraft:string":84,"minecraft:raw_copper":60,"minecraft:pufferfish":1,"minecraft:zombie_head":1,"minecraft:cobbled_deepslate":160,"minecraft:tnt_minecart":1,"minecraft:gold_nugget":18,"earthmobsmod:duck_egg":2,"minecraft:bucket":1,"minecraft:wooden_shovel":1,"minecraft:furnace":2,"minecraft:iron_boots":2,"ecologics:crab_claw":1,"minecraft:stick":8,"minecraft:oak_fence":3,"minecraft:torch":47,"minecraft:green_bed":1,"minecraft:porkchop":1,"tombstone:grave_dust":5,"minecraft:diorite":28,"minecraft:rotten_flesh":30,"supplementaries:antique_ink":1,"supplementaries:ash":36,"minecraft:cod":26,"minecraft:iron_bars":2,"minecraft:cobblestone":449,"minecraft:leather_chestplate":1,"minecraft:feather":2,"minecraft:andesite":33,"minecraft:potato":1,"minecraft:flint":2,"minecraft:tuff":2,"supplementaries:flax_seeds":11,"minecraft:magenta_bed":12,"minecraft:lapis_lazuli":68,"minecraft:dirt":41,"minecraft:bone":24,"minecraft:chipped_anvil":2,"minecraft:wheat_seeds":2,"minecraft:raw_gold":45,"minecraft:diamond_helmet":1,"minecraft:mossy_stone_bricks":4,"minecraft:fletching_table":1,"minecraft:powered_rail":3,"minecraft:oak_planks":56,"minecraft:dead_bush":1,"alexsmobs:animal_dictionary":1,"naturalist:duck_egg":3,"minecraft:bundle":2,"born_in_chaos_v1:fire_dust":2,"minecraft:granite":27,"minecraft:bread":8,"minecraft:emerald":9,"minecraft:chainmail_helmet":2,"born_in_chaos_v1:rotten_fish":2,"minecraft:oak_sapling":2,"iceandfire:raw_silver":12,"quark:crimson_chest":1,"luminousworld:groundpebbles_1":1,"born_in_chaos_v1:diamond_termite_shard":5,"minecraft:crafting_table":12,"minecraft:azure_bluet":2,"minecraft:chicken":3,"born_in_chaos_v1:seedof_chaos":3,"minecraft:infested_cobblestone":14,"quark:dark_oak_chest":1,"minecraft:red_bed":4,"artifacts:feral_claws":1,"born_in_chaos_v1:intoxicating_decoction":1,"minecraft:iron_shovel":2,"minecraft:cracked_stone_bricks":4,"minecraft:candle":2,"minecraft:beef":22,"minecraft:oak_boat":1,"born_in_chaos_v1:gnawed_bones":4,"minecraft:poppy":1,"minecraft:iron_nugget":32,"minecraft:raw_iron":181,"naturalist:duck":3,"ecologics:coconut_slice":36,"artifacts:charm_of_sinking":1,"born_in_chaos_v1:pieceofdarkmetal":1,"minecraft:redstone":81,"minecraft:arrow":8,"minecraft:tube_coral":1,"minecraft:beetroot_seeds":21,"minecraft:hay_block":6,"born_in_chaos_v1:spiny_shell":4,"minecraft:mutton":6,"minecraft:white_wool":11,"minecraft:skeleton_skull":4,"minecraft:rail":41,"minecraft:bone_block":10,"minecraft:stripped_oak_log":38,"born_in_chaos_v1:corpse_maggot":3,"minecraft:glow_ink_sac":5,"luminousworld:ishstone":12,"minecraft:leather":10,"minecraft:oak_log":6,"minecraft:chainmail_chestplate":1,"minecraft:gunpowder":11,"minecraft:cobblestone_stairs":1,"mowziesmobs:wrought_axe":5,"quark:forgotten_hat":1,"minecraft:stone_bricks":2,"minecraft:apple":1,"minecraft:kelp":2,"minecraft:iron_ingot":6,"minecraft:cobweb":4,"minecraft:gray_bed":1,"minecraft:iron_sword":1,"minecraft:chiseled_stone_bricks":1,"born_in_chaos_v1:orbofthe_summoner":1,"minecraft:dandelion":1,"minecraft:gravel":7,"mowziesmobs:wrought_helmet":1,"minecraft:blast_furnace":8,"minecraft:white_bed":3,"minecraft:spider_eye":1,"minecraft:chainmail_leggings":2,"minecraft:gray_wool":1,"tombstone:magic_scroll":1,"minecraft:baked_potato":57,"minecraft:terracotta":1,"minecraft:damaged_anvil":1,"minecraft:coal":254},"minecraft:dropped":{"minecraft:lapis_lazuli":8,"minecraft:glow_ink_sac":3,"minecraft:crafting_table":1,"minecraft:cracked_stone_bricks":4,"minecraft:rail":4,"minecraft:emerald":1,"minecraft:wooden_sword":1,"minecraft:sugar":2,"minecraft:tube_coral":1,"minecraft:bone":2,"minecraft:gravel":1,"minecraft:stone_axe":1,"minecraft:iron_nugget":5,"alexsmobs:animal_dictionary":1,"undead_revamp2:arapholia":2,"minecraft:rotten_flesh":19,"minecraft:chainmail_chestplate":2,"minecraft:poppy":1,"supplementaries:ash":11,"minecraft:beetroot_seeds":28,"ecologics:coconut_husk":10,"born_in_chaos_v1:corpse_maggot":1,"minecraft:chainmail_boots":1,"minecraft:arrow":1,"minecraft:beef":3,"iceandfire:manuscript":3,"minecraft:water_bucket":1,"minecraft:iron_ingot":61,"minecraft:wheat_seeds":2,"luminousworld:ishstone":12,"minecraft:feather":2,"minecraft:granite":8,"minecraft:chainmail_helmet":1,"minecraft:stick":7,"minecraft:magenta_bed":1,"born_in_chaos_v1:gnawed_bones":1,"minecraft:iron_leggings":1,"minecraft:kelp":2,"born_in_chaos_v1:rotten_fish":1,"minecraft:stripped_oak_log":19,"minecraft:bundle":1,"luminousworld:groundpebbles_1":1,"minecraft:andesite":11,"minecraft:oak_sapling":1,"minecraft:spider_eye":1,"minecraft:stone_pickaxe":1,"minecraft:wooden_pickaxe":1,"minecraft:raw_gold":2,"minecraft:terracotta":1},"minecraft:custom":{"minecraft:interact_with_crafting_table":36,"minecraft:open_barrel":25,"minecraft:leave_game":2,"minecraft:time_since_death":27123,"minecraft:sprint_one_cm":636734,"minecraft:damage_blocked_by_shield":25,"minecraft:drop":94,"minecraft:play_time":245573,"minecraft:deaths":22,"minecraft:jump":4186,"minecraft:interact_with_brewingstand":1,"minecraft:walk_on_water_one_cm":37297,"minecraft:interact_with_furnace":21,"minecraft:sleep_in_bed":11,"minecraft:damage_dealt":26121,"minecraft:player_kills":1,"minecraft:crouch_one_cm":24590,"tombstone:undead_killed":35,"minecraft:interact_with_anvil":2,"minecraft:mob_kills":126,"minecraft:damage_dealt_resisted":172,"minecraft:climb_one_cm":10843,"minecraft:walk_one_cm":713168,"minecraft:damage_dealt_absorbed":137,"minecraft:sneak_time":11197,"minecraft:walk_under_water_one_cm":20652,"minecraft:interact_with_blast_furnace":31,"minecraft:total_world_time":245573,"tombstone:raider_killed":8,"minecraft:time_since_rest":3427,"minecraft:damage_taken":11552,"minecraft:trigger_trapped_chest":3,"minecraft:swim_one_cm":51315,"minecraft:fly_one_cm":830074,"minecraft:open_chest":19,"minecraft:fall_one_cm":191804},"minecraft:mined":{"minecraft:white_bed":3,"minecraft:cobblestone_stairs":1,"minecraft:brewing_stand":1,"minecraft:potted_dead_bush":1,"minecraft:granite":26,"minecraft:grass_block":10,"minecraft:chiseled_stone_bricks":1,"minecraft:spawner":2,"minecraft:iron_ore":67,"minecraft:cobbled_deepslate":10,"minecraft:fire":12,"minecraft:fletching_table":1,"minecraft:deepslate_lapis_ore":9,"placeablesmod:empty_bucket_block":1,"minecraft:iron_bars":2,"minecraft:green_bed":1,"minecraft:deepslate_redstone_ore":13,"minecraft:red_bed":4,"minecraft:torch":12,"minecraft:blast_furnace":8,"minecraft:poppy":1,"minecraft:cobblestone":100,"minecraft:oak_planks":31,"minecraft:damaged_anvil":1,"minecraft:wall_torch":29,"minecraft:deepslate_copper_ore":4,"minecraft:skeleton_skull":3,"minecraft:powered_rail":3,"minecraft:magenta_bed":11,"minecraft:wither_rose":1,"minecraft:grass":36,"minecraft:oak_log":6,"minecraft:dirt":19,"luminousworld:grassvariant_3":2,"minecraft:deepslate":143,"minecraft:tuff":4,"iceandfire:silver_ore":12,"luminousworld:grassvariant_4":1,"born_in_chaos_v1:infected_diamond_ore":6,"born_in_chaos_v1:black_argillite":1,"luminousworld:grassvariant_2":9,"born_in_chaos_v1:gnawed_bones":3,"minecraft:large_fern":1,"minecraft:hay_block":6,"minecraft:redstone_ore":6,"minecraft:furnace":2,"minecraft:andesite":33,"minecraft:deepslate_iron_ore":68,"minecraft:vine":28,"minecraft:rail":29,"minecraft:stripped_oak_log":38,"minecraft:stone":330,"minecraft:white_wool":4,"quark:dark_oak_chest":1,"minecraft:crafting_table":11,"minecraft:copper_ore":8,"minecraft:lapis_ore":1,"minecraft:deepslate_gold_ore":36,"minecraft:diorite":28,"supplementaries:urn":31,"minecraft:gray_bed":1,"minecraft:coal_ore":161,"luminousworld:ishstone":6,"minecraft:gravel":8,"minecraft:cobweb":78,"minecraft:cracked_stone_bricks":4,"minecraft:terracotta":1,"quark:crimson_chest":1,"minecraft:stone_bricks":2,"minecraft:mossy_stone_bricks":2,"minecraft:chipped_anvil":2,"minecraft:gold_ore":7},"minecraft:broken":{"minecraft:stone_pickaxe":2,"minecraft:leather_chestplate":1,"minecraft:iron_pickaxe":3},"minecraft:killed":{"earthmobsmod:duck":3,"minecraft:cave_spider":8,"minecraft:spider":3,"quark:forgotten":1,"minecraft:skeleton":2,"minecraft:silverfish":6,"born_in_chaos_v1:supreme_bonescaller_stage_2":1,"born_in_chaos_v1:firelight_not_despawn":3,"artifacts:mimic":3,"minecraft:pig":1,"born_in_chaos_v1:diamond_termite":6,"minecraft:creeper":1,"minecraft:sheep":5,"minecraft:pillager":8,"enemyexpansion:meature":1,"minecraft:zombie":15,"enemyexpansion:vampire":1,"born_in_chaos_v1:corpse_fly":1,"enemyexpansion:botfly":6,"alexsmobs:fly":1,"minecraft:cow":4,"alexsmobs:raccoon":1,"born_in_chaos_v1:thornshell_crab":1,"enemyexpansion:direwolf":3,"naturalist:duck":3,"born_in_chaos_v1:maggot":3,"mowziesmobs:ferrous_wroughtnaut":1,"enemyexpansion:silverqueen":1,"minecraft:drowned":3,"earthmobsmod:albino_cow":6,"born_in_chaos_v1:barrel_zombie":1,"born_in_chaos_v1:bone_imp_minion":4,"enemyexpansion:sprinter":1,"born_in_chaos_v1:decrepit_skeleton":1,"iceandfire:ghost":3,"enemyexpansion:slugger":1},"minecraft:killed_by":{"minecraft:pillager":1,"quark:forgotten":1,"born_in_chaos_v1:bone_imp_minion":2,"artifacts:mimic":1,"minecraft:zombie":1,"born_in_chaos_v1:supreme_bonescaller_stage_2":1,"mowziesmobs:ferrous_wroughtnaut":5,"enemyexpansion:botfly":1,"iceandfire:ghost":3,"born_in_chaos_v1:maggot":1},"minecraft:used":{"minecraft:beetroot":11,"minecraft:iron_shovel":14,"minecraft:shield":1,"minecraft:iron_sword":38,"minecraft:iron_chestplate":1,"minecraft:mutton":1,"minecraft:carrot":2,"minecraft:tuff":2,"born_in_chaos_v1:corpse_maggot":1,"born_in_chaos_v1:gnawed_bones":2,"minecraft:stone_bricks":2,"supplementaries:ash":1,"minecraft:furnace":1,"minecraft:oak_sapling":1,"minecraft:cooked_cod":8,"minecraft:gray_bed":1,"minecraft:mossy_stone_bricks":4,"minecraft:diorite":10,"minecraft:stone_pickaxe":344,"minecraft:wooden_pickaxe":3,"minecraft:chainmail_helmet":1,"minecraft:white_wool":2,"minecraft:blast_furnace":4,"earthmobsmod:duck_egg":1,"minecraft:bread":27,"minecraft:gravel":6,"ecologics:coconut_slice":40,"minecraft:wooden_sword":21,"minecraft:andesite":22,"minecraft:oak_boat":1,"minecraft:oak_fence":3,"minecraft:iron_bars":2,"minecraft:torch":256,"minecraft:dirt":1,"iceandfire:copper_sword":280,"minecraft:granite":19,"minecraft:chipped_anvil":1,"minecraft:infested_cobblestone":14,"tombstone:gift":6,"minecraft:cooked_beef":19,"minecraft:cobbled_deepslate":127,"minecraft:iron_leggings":1,"minecraft:cooked_mutton":5,"born_in_chaos_v1:mint_ice_cream":2,"minecraft:water_bucket":3,"minecraft:cobblestone_stairs":1,"minecraft:baked_potato":23,"minecraft:green_bed":1,"minecraft:salmon":16,"minecraft:rail":5,"minecraft:crafting_table":12,"minecraft:red_bed":4,"minecraft:magenta_bed":11,"minecraft:white_bed":4,"minecraft:cod":18,"mowziesmobs:wrought_axe":475,"minecraft:iron_pickaxe":854,"minecraft:stone_axe":122,"minecraft:chiseled_stone_bricks":1,"minecraft:cobblestone":56,"minecraft:bucket":3,"alexsmobs:animal_dictionary":1,"minecraft:chainmail_leggings":2},"minecraft:crafted":{"minecraft:oak_planks":100,"minecraft:cooked_mutton":5,"sophisticatedbackpacks:backpack":1,"minecraft:crafting_table":2,"minecraft:wooden_pickaxe":1,"minecraft:copper_ingot":10,"iceandfire:copper_sword":1,"minecraft:iron_chestplate":1,"minecraft:shield":1,"minecraft:stick":80,"quark:oak_chest":1,"minecraft:iron_pickaxe":2,"minecraft:iron_ingot":87,"minecraft:gold_ingot":30,"minecraft:wooden_sword":1,"minecraft:furnace":1,"minecraft:stone_pickaxe":3,"minecraft:wheat":54,"sophisticatedbackpacks:iron_backpack":1,"minecraft:cooked_beef":19,"minecraft:cooked_cod":8,"sophisticatedbackpacks:gold_backpack":1,"minecraft:stone_axe":2,"minecraft:bread":20,"minecraft:air":0,"minecraft:oak_boat":1,"minecraft:white_bed":1,"minecraft:torch":232}},"DataVersion":3465}