{"stats":{"minecraft:broken":{"minecraft:leather_chestplate":1},"minecraft:picked_up":{"luminousworld:groundpebbles_1":1,"born_in_chaos_v1:corpse_maggot":1,"minecraft:crafting_table":1,"minecraft:leather_chestplate":1,"minecraft:azure_bluet":2,"minecraft:glow_ink_sac":2,"minecraft:wither_rose":1,"minecraft:potion":2,"minecraft:brewing_stand":1,"minecraft:string":4,"minecraft:dirt":16,"minecraft:raw_copper":4,"born_in_chaos_v1:intoxicating_decoction":1,"minecraft:pufferfish":1,"minecraft:wheat_seeds":1,"earthmobsmod:duck_egg":1,"minecraft:iron_ingot":1,"born_in_chaos_v1:gnawed_bones":1,"minecraft:poppy":1,"ecologics:crab_claw":1,"ecologics:coconut_slice":20,"minecraft:dandelion":1,"tombstone:grave_dust":1,"naturalist:duck_egg":2,"minecraft:rotten_flesh":6,"minecraft:hay_block":6,"minecraft:granite":8,"minecraft:gray_wool":1,"minecraft:terracotta":1,"minecraft:mutton":5,"minecraft:coal":28,"minecraft:skeleton_skull":1,"minecraft:white_wool":3,"minecraft:cobblestone":30},"minecraft:used":{"born_in_chaos_v1:mint_ice_cream":2,"minecraft:water_bucket":2,"minecraft:stone_pickaxe":71,"minecraft:wooden_pickaxe":3,"minecraft:salmon":3,"minecraft:crafting_table":1,"minecraft:stone_axe":46,"ecologics:coconut_slice":24,"minecraft:wooden_sword":21,"minecraft:bucket":2,"alexsmobs:animal_dictionary":1},"minecraft:mined":{"luminousworld:grassvariant_4":1,"minecraft:brewing_stand":1,"minecraft:crafting_table":1,"minecraft:granite":8,"minecraft:grass_block":2,"minecraft:poppy":1,"luminousworld:grassvariant_2":1,"minecraft:copper_ore":1,"born_in_chaos_v1:gnawed_bones":1,"minecraft:large_fern":1,"minecraft:skeleton_skull":1,"minecraft:hay_block":6,"minecraft:fire":1,"minecraft:wither_rose":1,"minecraft:grass":8,"minecraft:vine":1,"minecraft:coal_ore":28,"minecraft:dirt":5,"luminousworld:grassvariant_3":1,"minecraft:cobweb":3,"minecraft:terracotta":1,"minecraft:stone_bricks":1,"minecraft:stone":30},"minecraft:dropped":{"minecraft:wheat_seeds":1,"undead_revamp2:arapholia":2,"minecraft:granite":8,"minecraft:poppy":1,"luminousworld:groundpebbles_1":1,"born_in_chaos_v1:corpse_maggot":1,"minecraft:sugar":2,"minecraft:terracotta":1},"minecraft:custom":{"minecraft:mob_kills":15,"minecraft:interact_with_crafting_table":5,"minecraft:open_barrel":3,"minecraft:time_since_death":1404,"minecraft:time_since_rest":1,"minecraft:sprint_one_cm":72394,"minecraft:damage_taken":1096,"minecraft:walk_one_cm":44992,"minecraft:trigger_trapped_chest":1,"minecraft:drop":8,"minecraft:damage_dealt":2361,"minecraft:swim_one_cm":8800,"minecraft:fly_one_cm":124823,"minecraft:open_chest":4,"minecraft:crouch_one_cm":401,"minecraft:play_time":18967,"tombstone:undead_killed":6,"minecraft:deaths":3,"minecraft:sneak_time":279,"minecraft:walk_under_water_one_cm":3660,"minecraft:jump":477,"minecraft:interact_with_brewingstand":1,"minecraft:walk_on_water_one_cm":3931,"minecraft:total_world_time":18967,"minecraft:fall_one_cm":8216},"minecraft:crafted":{"minecraft:wooden_sword":1,"minecraft:crafting_table":1,"minecraft:wooden_pickaxe":1,"minecraft:stone_axe":1,"minecraft:stick":8,"minecraft:stone_pickaxe":1,"minecraft:torch":4},"minecraft:killed":{"minecraft:sheep":4,"enemyexpansion:meature":1,"minecraft:zombie":4,"born_in_chaos_v1:corpse_fly":1,"alexsmobs:fly":1,"minecraft:drowned":1},"minecraft:killed_by":{"minecraft:zombie":1,"iceandfire:ghost":1,"born_in_chaos_v1:maggot":1}},"DataVersion":3465}