{"stats":{"minecraft:picked_up":{"minecraft:crafting_table":1,"minecraft:leather_chestplate":1,"ecologics:coconut_slice":18,"tombstone:grave_dust":1,"minecraft:raw_copper":4,"minecraft:rotten_flesh":4,"minecraft:granite":8,"minecraft:iron_ingot":1,"minecraft:coal":28,"ecologics:crab_claw":1,"minecraft:cobblestone":30},"minecraft:used":{"minecraft:water_bucket":2,"minecraft:stone_pickaxe":64,"minecraft:wooden_pickaxe":3,"minecraft:stone_axe":10,"ecologics:coconut_slice":9,"minecraft:wooden_sword":14,"minecraft:crafting_table":1,"minecraft:bucket":1},"minecraft:mined":{"minecraft:crafting_table":1,"minecraft:granite":8,"minecraft:coal_ore":28,"minecraft:copper_ore":1,"minecraft:stone":30},"minecraft:custom":{"minecraft:time_since_rest":6967,"minecraft:sprint_one_cm":11737,"minecraft:damage_taken":219,"minecraft:walk_one_cm":17307,"minecraft:mob_kills":5,"minecraft:damage_dealt":931,"minecraft:interact_with_crafting_table":5,"minecraft:fly_one_cm":21059,"minecraft:open_barrel":3,"minecraft:crouch_one_cm":258,"minecraft:play_time":6967,"tombstone:undead_killed":5,"minecraft:sneak_time":106,"minecraft:walk_under_water_one_cm":461,"minecraft:jump":116,"minecraft:walk_on_water_one_cm":584,"minecraft:time_since_death":6967,"minecraft:total_world_time":6967,"minecraft:fall_one_cm":2357},"minecraft:crafted":{"minecraft:wooden_sword":1,"minecraft:crafting_table":1,"minecraft:stick":8,"minecraft:wooden_pickaxe":1,"minecraft:stone_pickaxe":1,"minecraft:torch":4,"minecraft:stone_axe":1},"minecraft:killed":{"minecraft:zombie":4,"minecraft:drowned":1}},"DataVersion":3465}