{"stats":{"minecraft:picked_up":{"quark:crimson_chest":1,"luminousworld:groundpebbles_1":1,"minecraft:crafting_table":6,"born_in_chaos_v1:diamond_termite_shard":5,"minecraft:azure_bluet":2,"minecraft:chainmail_boots":2,"minecraft:flower_pot":1,"artifacts:bunny_hoppers":1,"minecraft:wither_rose":1,"minecraft:infested_cobblestone":14,"minecraft:potion":2,"minecraft:golden_shovel":1,"quark:dark_oak_chest":1,"minecraft:brewing_stand":1,"iceandfire:manuscript":3,"minecraft:string":48,"minecraft:red_bed":3,"minecraft:raw_copper":60,"artifacts:feral_claws":1,"born_in_chaos_v1:intoxicating_decoction":1,"minecraft:iron_shovel":2,"minecraft:pufferfish":1,"minecraft:zombie_head":1,"minecraft:cracked_stone_bricks":4,"minecraft:candle":2,"minecraft:tnt_minecart":1,"minecraft:gold_nugget":18,"minecraft:cobbled_deepslate":160,"earthmobsmod:duck_egg":1,"minecraft:bucket":1,"minecraft:beef":22,"born_in_chaos_v1:gnawed_bones":4,"minecraft:iron_nugget":32,"minecraft:wooden_shovel":1,"minecraft:poppy":1,"minecraft:furnace":2,"ecologics:crab_claw":1,"minecraft:iron_boots":2,"minecraft:raw_iron":135,"artifacts:charm_of_sinking":1,"ecologics:coconut_slice":20,"minecraft:oak_fence":3,"minecraft:torch":47,"minecraft:green_bed":1,"tombstone:grave_dust":5,"minecraft:diorite":28,"born_in_chaos_v1:pieceofdarkmetal":1,"minecraft:redstone":81,"minecraft:tube_coral":1,"minecraft:arrow":7,"minecraft:rotten_flesh":28,"minecraft:beetroot_seeds":21,"minecraft:hay_block":6,"supplementaries:antique_ink":1,"born_in_chaos_v1:spiny_shell":1,"supplementaries:ash":24,"minecraft:bone_block":10,"minecraft:rail":41,"minecraft:mutton":6,"minecraft:iron_bars":2,"minecraft:cod":26,"minecraft:skeleton_skull":4,"minecraft:white_wool":8,"minecraft:cobblestone":441,"minecraft:stripped_oak_log":38,"born_in_chaos_v1:corpse_maggot":3,"minecraft:leather_chestplate":1,"minecraft:glow_ink_sac":5,"minecraft:andesite":33,"luminousworld:ishstone":6,"minecraft:leather":6,"minecraft:potato":1,"minecraft:flint":2,"minecraft:tuff":2,"minecraft:oak_log":6,"supplementaries:flax_seeds":11,"minecraft:magenta_bed":4,"minecraft:gunpowder":11,"minecraft:cobblestone_stairs":1,"mowziesmobs:wrought_axe":1,"minecraft:lapis_lazuli":68,"minecraft:dirt":39,"quark:forgotten_hat":1,"minecraft:bone":21,"minecraft:chipped_anvil":1,"minecraft:apple":1,"minecraft:stone_bricks":2,"minecraft:kelp":2,"minecraft:wheat_seeds":1,"minecraft:raw_gold":45,"minecraft:iron_ingot":1,"minecraft:cobweb":4,"minecraft:mossy_stone_bricks":4,"minecraft:fletching_table":1,"minecraft:diamond_helmet":1,"minecraft:powered_rail":3,"minecraft:gray_bed":1,"minecraft:oak_planks":56,"minecraft:dandelion":1,"minecraft:gravel":7,"mowziesmobs:wrought_helmet":1,"minecraft:blast_furnace":6,"minecraft:white_bed":3,"minecraft:dead_bush":1,"minecraft:spider_eye":1,"alexsmobs:animal_dictionary":1,"naturalist:duck_egg":2,"minecraft:bundle":1,"minecraft:chainmail_leggings":2,"minecraft:granite":27,"minecraft:gray_wool":1,"minecraft:emerald":5,"minecraft:chainmail_helmet":2,"minecraft:bread":8,"minecraft:terracotta":1,"minecraft:damaged_anvil":1,"minecraft:coal":180,"iceandfire:raw_silver":12},"minecraft:dropped":{"minecraft:wheat_seeds":1,"minecraft:lapis_lazuli":8,"minecraft:granite":8,"minecraft:magenta_bed":1,"born_in_chaos_v1:gnawed_bones":1,"minecraft:wooden_sword":1,"minecraft:tube_coral":1,"minecraft:sugar":2,"minecraft:stone_axe":1,"minecraft:kelp":2,"alexsmobs:animal_dictionary":1,"undead_revamp2:arapholia":2,"minecraft:rotten_flesh":17,"minecraft:poppy":1,"luminousworld:groundpebbles_1":1,"minecraft:beetroot_seeds":28,"born_in_chaos_v1:corpse_maggot":1,"minecraft:beef":3,"minecraft:stone_pickaxe":1,"minecraft:wooden_pickaxe":1,"minecraft:raw_gold":2,"iceandfire:manuscript":3,"minecraft:terracotta":1},"minecraft:custom":{"minecraft:mob_kills":85,"minecraft:interact_with_crafting_table":28,"minecraft:open_barrel":25,"minecraft:leave_game":1,"minecraft:time_since_death":68602,"minecraft:climb_one_cm":10843,"minecraft:sprint_one_cm":478790,"minecraft:walk_one_cm":593178,"minecraft:drop":58,"minecraft:play_time":181083,"minecraft:sneak_time":10413,"minecraft:deaths":16,"minecraft:walk_under_water_one_cm":10055,"minecraft:interact_with_brewingstand":1,"minecraft:jump":2740,"minecraft:interact_with_blast_furnace":22,"minecraft:walk_on_water_one_cm":34070,"minecraft:total_world_time":181083,"minecraft:interact_with_furnace":21,"minecraft:sleep_in_bed":6,"minecraft:time_since_rest":6499,"minecraft:damage_taken":8685,"minecraft:trigger_trapped_chest":3,"minecraft:damage_dealt":17657,"minecraft:swim_one_cm":12803,"minecraft:fly_one_cm":429895,"minecraft:open_chest":16,"minecraft:crouch_one_cm":22746,"tombstone:undead_killed":26,"minecraft:fall_one_cm":81729},"minecraft:mined":{"minecraft:tuff":4,"minecraft:white_bed":3,"iceandfire:silver_ore":12,"luminousworld:grassvariant_4":1,"minecraft:cobblestone_stairs":1,"minecraft:brewing_stand":1,"born_in_chaos_v1:infected_diamond_ore":6,"minecraft:potted_dead_bush":1,"minecraft:granite":26,"minecraft:grass_block":9,"born_in_chaos_v1:black_argillite":1,"luminousworld:grassvariant_2":4,"born_in_chaos_v1:gnawed_bones":3,"minecraft:large_fern":1,"minecraft:hay_block":6,"minecraft:redstone_ore":6,"minecraft:furnace":2,"minecraft:iron_ore":67,"minecraft:fire":9,"minecraft:cobbled_deepslate":10,"minecraft:andesite":33,"minecraft:deepslate_lapis_ore":9,"minecraft:fletching_table":1,"placeablesmod:empty_bucket_block":1,"minecraft:vine":28,"minecraft:deepslate_iron_ore":68,"minecraft:rail":29,"minecraft:iron_bars":2,"minecraft:stripped_oak_log":38,"minecraft:white_wool":1,"minecraft:stone":330,"minecraft:green_bed":1,"minecraft:deepslate_redstone_ore":13,"minecraft:red_bed":3,"quark:dark_oak_chest":1,"minecraft:crafting_table":6,"minecraft:torch":12,"minecraft:blast_furnace":6,"minecraft:poppy":1,"minecraft:copper_ore":8,"minecraft:cobblestone":91,"minecraft:deepslate_gold_ore":36,"minecraft:lapis_ore":1,"minecraft:oak_planks":31,"minecraft:damaged_anvil":1,"minecraft:diorite":28,"minecraft:wall_torch":29,"minecraft:deepslate_copper_ore":4,"minecraft:skeleton_skull":3,"supplementaries:urn":28,"minecraft:powered_rail":3,"minecraft:magenta_bed":3,"minecraft:gray_bed":1,"minecraft:wither_rose":1,"minecraft:grass":14,"minecraft:coal_ore":159,"minecraft:oak_log":6,"luminousworld:ishstone":6,"minecraft:gravel":8,"minecraft:dirt":18,"luminousworld:grassvariant_3":2,"minecraft:cobweb":40,"minecraft:cracked_stone_bricks":4,"minecraft:terracotta":1,"quark:crimson_chest":1,"minecraft:stone_bricks":2,"minecraft:gold_ore":7,"minecraft:mossy_stone_bricks":2,"minecraft:chipped_anvil":1,"minecraft:deepslate":143},"minecraft:broken":{"minecraft:leather_chestplate":1,"minecraft:stone_pickaxe":2,"minecraft:iron_pickaxe":3},"minecraft:killed":{"minecraft:cave_spider":5,"enemyexpansion:direwolf":3,"quark:forgotten":1,"born_in_chaos_v1:maggot":3,"minecraft:skeleton":1,"mowziesmobs:ferrous_wroughtnaut":1,"enemyexpansion:silverqueen":1,"minecraft:silverfish":6,"minecraft:drowned":1,"earthmobsmod:albino_cow":4,"artifacts:mimic":3,"born_in_chaos_v1:barrel_zombie":1,"born_in_chaos_v1:diamond_termite":6,"enemyexpansion:sprinter":1,"minecraft:creeper":1,"born_in_chaos_v1:decrepit_skeleton":1,"minecraft:sheep":5,"enemyexpansion:meature":1,"minecraft:zombie":15,"iceandfire:ghost":3,"enemyexpansion:vampire":1,"born_in_chaos_v1:corpse_fly":1,"enemyexpansion:botfly":5,"alexsmobs:fly":1,"minecraft:cow":4},"minecraft:killed_by":{"quark:forgotten":1,"mowziesmobs:ferrous_wroughtnaut":5,"enemyexpansion:botfly":1,"artifacts:mimic":1,"minecraft:zombie":1,"iceandfire:ghost":3,"born_in_chaos_v1:maggot":1},"minecraft:used":{"minecraft:oak_fence":3,"minecraft:iron_bars":2,"minecraft:iron_shovel":14,"minecraft:torch":253,"minecraft:mutton":1,"iceandfire:copper_sword":220,"minecraft:carrot":2,"minecraft:tuff":2,"minecraft:granite":19,"born_in_chaos_v1:corpse_maggot":1,"born_in_chaos_v1:gnawed_bones":2,"minecraft:stone_bricks":2,"minecraft:cooked_cod":8,"supplementaries:ash":1,"minecraft:furnace":1,"minecraft:gray_bed":1,"minecraft:cooked_mutton":5,"tombstone:gift":5,"minecraft:cooked_beef":19,"minecraft:infested_cobblestone":14,"minecraft:cobbled_deepslate":122,"minecraft:iron_leggings":1,"born_in_chaos_v1:mint_ice_cream":2,"minecraft:water_bucket":3,"minecraft:mossy_stone_bricks":4,"minecraft:diorite":10,"minecraft:cobblestone_stairs":1,"minecraft:stone_pickaxe":344,"minecraft:wooden_pickaxe":3,"minecraft:chainmail_helmet":1,"minecraft:green_bed":1,"minecraft:white_wool":2,"minecraft:salmon":16,"minecraft:rail":5,"minecraft:crafting_table":7,"minecraft:red_bed":2,"minecraft:magenta_bed":2,"minecraft:blast_furnace":2,"minecraft:white_bed":4,"minecraft:cod":18,"mowziesmobs:wrought_axe":345,"earthmobsmod:duck_egg":1,"minecraft:bread":27,"minecraft:iron_pickaxe":835,"minecraft:gravel":3,"minecraft:stone_axe":122,"ecologics:coconut_slice":24,"minecraft:wooden_sword":21,"minecraft:cobblestone":48,"minecraft:andesite":22,"minecraft:bucket":2,"alexsmobs:animal_dictionary":1,"minecraft:chainmail_leggings":2},"minecraft:crafted":{"minecraft:wooden_sword":1,"minecraft:oak_planks":28,"minecraft:furnace":1,"minecraft:cooked_mutton":5,"minecraft:stone_pickaxe":3,"sophisticatedbackpacks:iron_backpack":1,"minecraft:wheat":54,"minecraft:cooked_beef":19,"minecraft:cooked_cod":8,"sophisticatedbackpacks:backpack":1,"minecraft:crafting_table":2,"minecraft:wooden_pickaxe":1,"minecraft:copper_ingot":10,"sophisticatedbackpacks:gold_backpack":1,"minecraft:stone_axe":2,"minecraft:bread":20,"minecraft:air":0,"minecraft:stick":76,"quark:oak_chest":1,"minecraft:iron_pickaxe":2,"minecraft:iron_ingot":74,"minecraft:gold_ingot":30,"minecraft:white_bed":1,"minecraft:torch":232}},"DataVersion":3465}