{"stats":{"minecraft:broken":{"aether:golden_gloves":2,"minecraft:diamond_helmet":1,"minecraft:iron_boots":1,"minecraft:iron_chestplate":1,"minecraft:diamond_leggings":1,"minecraft:shield":1,"minecraft:iron_pickaxe":7,"minecraft:golden_helmet":1,"minecraft:iron_shovel":2,"minecraft:stone_pickaxe":2,"minecraft:diamond_boots":1,"minecraft:leather_chestplate":1},"minecraft:crafted":{"quark:birch_chest":4,"ecologics:walnut_planks":16,"minecraft:bookshelf":3,"minecraft:cooked_mutton":16,"minecraft:glass":21,"stalwart_dungeons:tungsten_pickaxe":1,"stalwart_dungeons:tungsten_hammer":1,"stalwart_dungeons:tungsten_sword":1,"minecraft:smithing_table":1,"minecraft:copper_ingot":16,"minecraft:lectern":3,"quark:oak_chest":33,"minecraft:iron_pickaxe":6,"minecraft:gold_ingot":59,"minecraft:golden_carrot":61,"hangglider:glider_framework":1,"minecraft:pointed_dripstone":4,"minecraft:bone_meal":258,"hangglider:glider_wing":2,"luminousworld:white_oak_plank":40,"minecraft:stone_pickaxe":4,"minecraft:wheat":108,"luminousworld:autumnplank":56,"luminousworld:auburn_door":3,"quark:crimson_chest":6,"sophisticatedbackpacks:gold_backpack":4,"stalwart_dungeons:tungsten_shield":1,"minecraft:iron_shovel":2,"minecraft:iron_leggings":1,"minecraft:white_bed":3,"minecraft:golden_hoe":1,"minecraft:oak_planks":500,"hangglider:hang_glider":1,"minecraft:red_sandstone":1,"minecraft:stone":78,"aether:golden_ring":1,"stalwart_dungeons:tungsten_helmet":1,"minecraft:warped_planks":136,"minecraft:hopper":12,"minecraft:iron_boots":1,"minecraft:chest":10,"stalwart_dungeons:tungsten_axe":1,"minecraft:oak_slab":24,"sophisticatedbackpacks:backpack":2,"minecraft:crafting_table":11,"minecraft:wooden_pickaxe":1,"minecraft:birch_planks":80,"iceandfire:copper_sword":1,"minecraft:iron_chestplate":2,"minecraft:paper":3,"minecraft:diamond_pickaxe":1,"minecraft:shield":3,"minecraft:stick":92,"minecraft:iron_ingot":141,"minecraft:wooden_sword":1,"minecraft:oak_door":3,"stalwart_dungeons:tungsten_leggings":1,"minecraft:furnace":2,"minecraft:oak_trapdoor":6,"stalwart_dungeons:tungsten_boots":1,"sophisticatedbackpacks:iron_backpack":2,"minecraft:cooked_beef":36,"minecraft:cooked_cod":8,"minecraft:crimson_planks":204,"minecraft:diamond_sword":1,"minecraft:iron_sword":1,"minecraft:bucket":5,"minecraft:stone_axe":2,"minecraft:air":0,"minecraft:bread":30,"minecraft:oak_boat":7,"stalwart_dungeons:tungsten_chestplate":1,"minecraft:white_wool":2,"minecraft:gold_nugget":234,"minecraft:stonecutter":1,"ecologics:walnut_boat":1,"minecraft:torch":232,"minecraft:firework_rocket":9},"minecraft:mined":{"minecraft:white_bed":17,"luminousworld:autumnleaves":1,"iceandfire:copper_pile":6,"minecraft:red_nether_bricks":1,"minecraft:potted_dead_bush":1,"minecraft:granite":32,"minecraft:red_sand":21,"minecraft:crimson_fungus":1,"minecraft:nether_wart":27,"minecraft:oxeye_daisy":1,"minecraft:chiseled_stone_bricks":1,"minecraft:spawner":5,"minecraft:polished_blackstone_bricks":52,"minecraft:weeping_vines_plant":3,"minecraft:cobbled_deepslate":16,"minecraft:sticky_piston":10,"minecraft:fire":26,"minecraft:fletching_table":1,"minecraft:deepslate_lapis_ore":9,"placeablesmod:empty_bucket_block":1,"iceandfire:gold_pile":28,"minecraft:dirt_path":2,"minecraft:oak_stairs":9,"stalwart_dungeons:soul_magma_bricks":9,"minecraft:red_bed":4,"minecraft:soul_fire":2,"minecraft:torch":12,"minecraft:note_block":4,"minecraft:blast_furnace":9,"minecraft:sugar_cane":66,"minecraft:damaged_anvil":1,"minecraft:skeleton_skull":10,"minecraft:repeater":4,"minecraft:magenta_bed":13,"minecraft:black_bed":2,"minecraft:wither_rose":2,"minecraft:grass":184,"quark:birch_chest":1,"stalwart_dungeons:pusher":58,"luminousworld:grassvariant_3":34,"minecraft:deepslate":148,"iceandfire:silver_ore":13,"stalwart_dungeons:soul_bricks":124,"minecraft:nether_bricks":5,"minecraft:dark_oak_fence":6,"born_in_chaos_v1:black_argillite":5,"minecraft:redstone_wire":38,"luminousworld:grassvariant_2":50,"luminousworld:whiteoakleaves":2,"born_in_chaos_v1:gnawed_bones":3,"minecraft:redstone_ore":6,"minecraft:red_sandstone":13,"minecraft:andesite":36,"minecraft:vine":32,"minecraft:rail":29,"minecraft:warped_stem":5,"luminousworld:groundpebbles_2":2,"iceandfire:podium_spruce":1,"minecraft:white_wool":4,"minecraft:smithing_table":2,"minecraft:redstone_block":6,"minecraft:soul_sand":24,"quark:dark_oak_chest":1,"minecraft:brown_carpet":1,"minecraft:stone_brick_slab":2,"minecraft:dandelion":8,"ecologics:walnut_leaves":1,"minecraft:warped_roots":1,"luminousworld:auburnlog":14,"luminousworld:grassflowers":5,"minecraft:tall_grass":43,"minecraft:copper_ore":14,"minecraft:deepslate_gold_ore":36,"minecraft:diorite":57,"stalwart_dungeons:tungsten_ore":72,"minecraft:warped_wart_block":23,"luminousworld:whiteoaklog":10,"minecraft:red_terracotta":5,"minecraft:coarse_dirt":3,"minecraft:white_carpet":9,"minecraft:birch_leaves":9,"iceandfire:silver_pile":9,"luminousworld:ishstone":8,"stalwart_dungeons:igniter":32,"minecraft:gravel":16,"minecraft:cobweb":117,"minecraft:polished_blackstone":4,"quark:crimson_chest":1,"minecraft:stone_bricks":9,"minecraft:chipped_anvil":2,"minecraft:gold_ore":7,"minecraft:fern":1,"luminousworld:white_petunias":1,"undead_revamp2:arapholia":1,"stalwart_dungeons:spore_vaporizer":8,"luminousworld:yellowpetunias":1,"minecraft:cobblestone_stairs":1,"sophisticatedbackpacks:gold_backpack":11,"minecraft:brewing_stand":1,"minecraft:spruce_trapdoor":4,"minecraft:grass_block":390,"minecraft:cracked_polished_blackstone_bricks":50,"iceandfire:lectern":1,"minecraft:iron_ore":67,"minecraft:azure_bluet":3,"minecraft:dark_oak_stairs":1,"minecraft:iron_bars":11,"ecologics:walnut_log":4,"minecraft:green_bed":1,"minecraft:deepslate_redstone_ore":13,"minecraft:blackstone":16,"supplementaries:book_pile":2,"minecraft:twisting_vines_plant":2,"luminousworld:purple_petunias":1,"stalwart_dungeons:soul_tiles":14,"minecraft:poppy":3,"iceandfire:ghost_chest":2,"minecraft:cobblestone":179,"minecraft:oak_planks":75,"minecraft:wall_torch":29,"minecraft:deepslate_copper_ore":4,"minecraft:powered_rail":3,"minecraft:warped_planks":3,"minecraft:birch_log":130,"minecraft:oak_log":268,"minecraft:sand":9,"minecraft:dirt":477,"minecraft:crimson_planks":7,"minecraft:ancient_debris":1,"minecraft:netherrack":332,"minecraft:oak_leaves":154,"minecraft:nether_gold_ore":3,"luminousworld:groundpebbles_1":2,"minecraft:tuff":4,"luminousworld:grassvariant_4":7,"minecraft:candle":12,"born_in_chaos_v1:infected_diamond_ore":7,"minecraft:lever":7,"minecraft:cracked_nether_bricks":8,"luminousworld:groundpebbles_3":3,"minecraft:large_fern":1,"minecraft:hay_block":12,"luminousworld:sunset_petunias":6,"minecraft:oak_trapdoor":1,"minecraft:carrots":1,"minecraft:furnace":6,"luminousworld:yellow_grassflowers":2,"minecraft:raw_gold_block":19,"minecraft:polished_basalt":1,"minecraft:gold_block":26,"minecraft:bookshelf":21,"minecraft:deepslate_iron_ore":68,"minecraft:shroomlight":1,"minecraft:stripped_oak_log":38,"minecraft:stone":1436,"minecraft:scaffolding":9,"born_in_chaos_v1:marigolds":2,"minecraft:basalt":42,"minecraft:crafting_table":20,"minecraft:lectern":105,"minecraft:lapis_ore":1,"supplementaries:urn":33,"minecraft:spruce_stairs":4,"minecraft:birch_planks":13,"minecraft:polished_blackstone_stairs":7,"minecraft:gray_bed":1,"minecraft:coal_ore":169,"minecraft:flower_pot":1,"minecraft:cracked_stone_bricks":12,"minecraft:terracotta":1,"minecraft:mossy_stone_bricks":12},"minecraft:dropped":{"minecraft:lapis_lazuli":8,"minecraft:cooked_beef":2,"minecraft:glow_ink_sac":3,"minecraft:glass_bottle":3,"minecraft:crafting_table":1,"minecraft:weeping_vines":2,"minecraft:cracked_stone_bricks":12,"minecraft:rail":4,"minecraft:emerald":1,"minecraft:gold_nugget":1,"minecraft:wooden_sword":1,"minecraft:sugar":2,"minecraft:iron_pickaxe":1,"minecraft:bone":2,"minecraft:stone_axe":1,"minecraft:iron_nugget":5,"minecraft:golden_chestplate":1,"alexsmobs:animal_dictionary":1,"aether:golden_gloves":1,"undead_revamp2:arapholia":3,"minecraft:rotten_flesh":23,"minecraft:azure_bluet":1,"minecraft:warped_wart_block":2,"minecraft:beef":3,"minecraft:crying_obsidian":3,"born_in_chaos_v1:marigolds":1,"iceandfire:manuscript":3,"minecraft:crimson_planks":32,"minecraft:iron_ingot":82,"minecraft:wheat_seeds":13,"luminousworld:ishstone":12,"minecraft:feather":3,"minecraft:apple":6,"minecraft:granite":8,"minecraft:chainmail_helmet":1,"born_in_chaos_v1:gnawed_bones":1,"minecraft:chainmail_leggings":1,"minecraft:string":2,"born_in_chaos_v1:rotten_fish":1,"minecraft:iron_boots":1,"minecraft:bundle":1,"minecraft:stone_bricks":4,"minecraft:spider_eye":1,"minecraft:red_sand":1,"minecraft:terracotta":1,"luminousworld:yellowpetunias":1,"minecraft:baked_potato":8,"minecraft:leather":2,"minecraft:seagrass":1,"minecraft:tube_coral":1,"minecraft:gold_ingot":41,"minecraft:gravel":1,"hangglider:hang_glider":1,"minecraft:beetroot":1,"quark:crimson_chest":1,"minecraft:chainmail_chestplate":2,"minecraft:poppy":1,"supplementaries:ash":16,"minecraft:beetroot_seeds":28,"born_in_chaos_v1:corpse_maggot":1,"ecologics:coconut_husk":12,"minecraft:chainmail_boots":2,"minecraft:iron_bars":4,"minecraft:arrow":1,"minecraft:water_bucket":1,"luminousworld:sunset_petunias":5,"minecraft:golden_helmet":1,"minecraft:golden_axe":1,"minecraft:stick":7,"minecraft:magenta_bed":3,"minecraft:diorite":18,"luminousworld:auburn_sapling":1,"minecraft:iron_leggings":1,"minecraft:polished_basalt":2,"minecraft:kelp":2,"minecraft:stripped_oak_log":19,"minecraft:iron_chestplate":1,"luminousworld:groundpebbles_1":1,"minecraft:andesite":11,"minecraft:mossy_stone_bricks":10,"minecraft:golden_leggings":2,"minecraft:oak_sapling":2,"minecraft:golden_sword":3,"minecraft:stone_pickaxe":1,"minecraft:wooden_pickaxe":1,"minecraft:raw_gold":2,"minecraft:magma_cream":19},"minecraft:used":{"iceandfire:lectern":1,"minecraft:beetroot":11,"minecraft:polished_blackstone":4,"minecraft:chest":4,"earthmobsmod:fancy_egg":1,"minecraft:rotten_flesh":4,"minecraft:soul_sand":20,"stalwart_dungeons:tungsten_hammer":69,"minecraft:lava_bucket":1,"minecraft:birch_sapling":2,"iceandfire:ghost_chest":1,"minecraft:oak_sapling":9,"supplementaries:ash":1,"minecraft:furnace":8,"minecraft:cooked_cod":8,"minecraft:egg":1,"luminousworld:autumnplank":42,"minecraft:mossy_stone_bricks":4,"minecraft:diorite":22,"minecraft:damaged_anvil":1,"minecraft:blackstone":25,"minecraft:wooden_pickaxe":3,"minecraft:golden_apple":1,"minecraft:sand":1,"stalwart_dungeons:soul_bricks":91,"stalwart_dungeons:igniter":1,"minecraft:blast_furnace":9,"earthmobsmod:duck_egg":2,"minecraft:red_sandstone":1,"minecraft:lectern":108,"minecraft:diamond_sword":409,"minecraft:wooden_sword":21,"minecraft:smithing_table":3,"minecraft:dark_oak_fence":2,"minecraft:birch_log":51,"minecraft:oak_boat":11,"endrem:nether_eye":1,"minecraft:oak_trapdoor":7,"minecraft:iron_bars":2,"minecraft:netherrack":248,"minecraft:torch":271,"minecraft:brewing_stand":1,"minecraft:warped_wart_block":12,"minecraft:ancient_debris":1,"iceandfire:copper_sword":280,"minecraft:chipped_anvil":2,"stalwart_dungeons:tungsten_axe":2,"stalwart_dungeons:soul_magma_bricks":2,"minecraft:basalt":16,"luminousworld:auburn_door":3,"tombstone:gift":8,"minecraft:cobbled_deepslate":134,"minecraft:golden_axe":6,"sophisticatedbackpacks:gold_backpack":11,"born_in_chaos_v1:mint_ice_cream":2,"minecraft:water_bucket":32,"tombstone:scroll_of_reach":1,"minecraft:birch_planks":57,"minecraft:fletching_table":1,"minecraft:polished_blackstone_bricks":37,"minecraft:gilded_blackstone":5,"minecraft:salmon":16,"minecraft:rail":5,"minecraft:crafting_table":31,"supplementaries:bomb":2,"minecraft:red_bed":4,"minecraft:white_bed":20,"minecraft:cod":19,"mowziesmobs:wrought_axe":1681,"minecraft:oak_log":2,"minecraft:diamond_pickaxe":1225,"minecraft:iron_pickaxe":1978,"quark:crimson_chest":6,"tombstone:magic_scroll":1,"stalwart_dungeons:tungsten_sword":22,"minecraft:chiseled_stone_bricks":1,"luminousworld:sunset_petunias":2,"minecraft:enchanted_book":1,"quark:dark_oak_chest":1,"minecraft:cobblestone":806,"minecraft:potion":3,"minecraft:cooked_porkchop":9,"quark:oak_chest":16,"minecraft:dandelion":1,"minecraft:candle":16,"quark:ancient_tome":1,"stalwart_dungeons:pusher":1,"minecraft:red_sand":7,"minecraft:iron_shovel":821,"minecraft:polished_basalt":1,"minecraft:shield":105,"minecraft:iron_sword":193,"minecraft:nether_wart":20,"minecraft:iron_chestplate":1,"minecraft:mutton":1,"minecraft:nether_bricks":2,"minecraft:carrot":3,"minecraft:tuff":2,"minecraft:obsidian":1,"born_in_chaos_v1:corpse_maggot":1,"minecraft:lantern":1,"born_in_chaos_v1:gnawed_bones":2,"minecraft:stone_bricks":6,"undead_revamp2:cloogerribs":1,"minecraft:golden_sword":7,"minecraft:gray_bed":1,"minecraft:polished_blackstone_stairs":7,"minecraft:stone_pickaxe":354,"minecraft:oak_planks":51,"minecraft:chainmail_helmet":1,"luminousworld:groundpebbles_1":1,"minecraft:sugar_cane":64,"minecraft:white_wool":2,"iceandfire:podium_spruce":1,"minecraft:golden_hoe":2,"minecraft:black_bed":1,"minecraft:bread":30,"tombstone:grave_key":1,"born_in_chaos_v1:marigolds":1,"minecraft:gravel":15,"minecraft:golden_helmet":1,"ecologics:coconut_slice":42,"born_in_chaos_v1:rotten_fish":2,"luminousworld:purple_petunias":2,"minecraft:andesite":25,"minecraft:bone_meal":102,"minecraft:oak_fence":3,"quark:birch_chest":5,"born_in_chaos_v1:black_argillite":4,"minecraft:wooden_shovel":61,"minecraft:oak_door":3,"minecraft:dirt":539,"minecraft:white_carpet":14,"minecraft:hopper":12,"luminousworld:grassflowers":7,"minecraft:spruce_stairs":2,"minecraft:granite":25,"minecraft:stone_brick_slab":2,"minecraft:oak_stairs":9,"minecraft:iron_boots":1,"minecraft:crimson_planks":206,"minecraft:golden_carrot":61,"minecraft:infested_cobblestone":14,"minecraft:cooked_beef":27,"minecraft:iron_leggings":2,"minecraft:cooked_mutton":7,"minecraft:cobblestone_stairs":1,"minecraft:baked_potato":46,"minecraft:red_nether_bricks":1,"ecologics:walnut_sapling":4,"luminousworld:yellow_grassflowers":3,"minecraft:stonecutter":1,"minecraft:green_bed":1,"minecraft:magenta_bed":13,"tombstone:tablet_of_home":1,"minecraft:painting":3,"minecraft:warped_planks":142,"minecraft:apple":3,"minecraft:cracked_polished_blackstone_bricks":47,"ecologics:walnut_boat":1,"minecraft:stone_axe":122,"stalwart_dungeons:soul_tiles":9,"minecraft:white_banner":1,"minecraft:bucket":45,"alexsmobs:animal_dictionary":1,"minecraft:splash_potion":1,"minecraft:chainmail_leggings":2},"minecraft:killed":{"earthmobsmod:duck":4,"minecraft:cave_spider":8,"iceandfire:gorgon":1,"undead_revamp2:clogger":1,"minecraft:skeleton":3,"undead_revamp2:deadclogger":1,"born_in_chaos_v1:supreme_bonescaller_stage_2":1,"minecraft:magma_cube":43,"born_in_chaos_v1:bone_imp":1,"stalwart_dungeons:giddy_blaze":12,"undead_revamp2:theheavy":1,"luminousworld:crab":1,"minecraft:pillager":11,"enemyexpansion:meature":1,"minecraft:zombie":16,"stalwart_dungeons:incomplete_wither":4,"enemyexpansion:vampire":1,"born_in_chaos_v1:corpse_fly":5,"enemyexpansion:botfly":6,"minecraft:cow":11,"alexsmobs:raccoon":1,"alexsmobs:seagull":2,"born_in_chaos_v1:thornshell_crab":1,"naturalist:duck":3,"mowziesmobs:ferrous_wroughtnaut":1,"enemyexpansion:silverqueen":1,"stalwart_dungeons:nether_wart_cocoon":1,"undead_revamp2:thebidy":1,"earthmobsmod:albino_cow":6,"born_in_chaos_v1:barrel_zombie":1,"born_in_chaos_v1:bone_imp_minion":4,"undead_revamp2:the_moonflower":1,"enemyexpansion:sprinter":1,"earthmobsmod:cream_cow":1,"born_in_chaos_v1:decrepit_skeleton":1,"born_in_chaos_v1:bloody_gadfly":1,"iceandfire:ghost":7,"minecraft:witch":1,"minecraft:spider":3,"quark:forgotten":1,"illagerinvasion:provoker":1,"minecraft:silverfish":6,"minecraft:piglin_brute":8,"born_in_chaos_v1:firelight_not_despawn":3,"artifacts:mimic":3,"minecraft:piglin":12,"minecraft:pig":1,"born_in_chaos_v1:diamond_termite":6,"minecraft:creeper":1,"alexsmobs:crimson_mosquito":4,"minecraft:sheep":10,"alexsmobs:fly":2,"minecraft:blaze":2,"takesapillage:legioner":1,"enemyexpansion:direwolf":4,"born_in_chaos_v1:maggot":6,"earthmobsmod:fancy_chicken":4,"alexsmobs:bison":1,"minecraft:drowned":3,"born_in_chaos_v1:corpse_fish":8,"stalwart_dungeons:reinforced_blaze":49,"takesapillage:skirmisher":1,"minecraft:hoglin":2,"minecraft:wither_skeleton":1,"enemyexpansion:slugger":1},"minecraft:picked_up":{"minecraft:seagrass":1,"minecraft:iron_chestplate":1,"minecraft:chainmail_boots":4,"minecraft:flower_pot":2,"minecraft:prismarine_shard":2,"minecraft:smithing_table":2,"artifacts:bunny_hoppers":1,"minecraft:wither_rose":2,"minecraft:oak_stairs":9,"minecraft:enchanted_book":4,"minecraft:golden_shovel":1,"minecraft:brewing_stand":1,"minecraft:golden_sword":3,"iceandfire:manuscript":3,"minecraft:string":135,"minecraft:red_nether_bricks":1,"minecraft:pufferfish":1,"minecraft:shroomlight":1,"minecraft:beetroot":1,"minecraft:diamond_leggings":1,"minecraft:cobbled_deepslate":166,"minecraft:gold_nugget":280,"hangglider:hang_glider":2,"ecologics:crab_claw":1,"minecraft:golden_helmet":1,"luminousworld:auburnlog":14,"minecraft:polished_blackstone_stairs":7,"minecraft:green_bed":1,"minecraft:golden_axe":1,"minecraft:warped_planks":3,"stalwart_dungeons:soul_magma_bricks":9,"undead_revamp2:cloogerribs":35,"luminousworld:grassflowers":7,"luminousworld:yellow_grassflowers":4,"aether:chainmail_gloves":1,"minecraft:polished_basalt":3,"supplementaries:ash":39,"minecraft:blaze_rod":104,"minecraft:iron_bars":11,"minecraft:birch_log":130,"minecraft:feather":4,"minecraft:cooked_beef":5,"alexsmobs:bison_fur":2,"minecraft:flint":3,"luminousworld:purple_petunias":2,"minecraft:magenta_bed":16,"minecraft:lantern":1,"minecraft:twisting_vines":2,"born_in_chaos_v1:marigolds":2,"stalwart_dungeons:blaze_armor_scrap":46,"minecraft:chipped_anvil":2,"minecraft:diamond_helmet":2,"minecraft:glowstone_dust":2,"minecraft:warped_wart_block":24,"sophisticatedbackpacks:iron_backpack":1,"alexsmobs:animal_dictionary":1,"minecraft:red_terracotta":5,"naturalist:duck_egg":3,"undead_revamp2:heavytooth":1,"minecraft:bundle":2,"minecraft:iron_hoe":1,"stalwart_dungeons:spore_vaporizer":8,"iceandfire:lectern":1,"luminousworld:yellowpetunias":1,"minecraft:lever":7,"minecraft:granite":33,"luminousworld:auburn_sapling":1,"minecraft:chainmail_helmet":3,"minecraft:bread":8,"alexsmobs:maggot":1,"iceandfire:gorgon_head":1,"born_in_chaos_v1:rotten_fish":9,"minecraft:dark_oak_fence":8,"iceandfire:raw_silver":13,"sophisticatedbackpacks:gold_backpack":11,"luminousworld:groundpebbles_1":12,"minecraft:crafting_table":21,"minecraft:coarse_dirt":3,"minecraft:nether_wart":101,"born_in_chaos_v1:seedof_chaos":3,"minecraft:infested_cobblestone":14,"quark:dark_oak_chest":1,"minecraft:red_bed":4,"born_in_chaos_v1:intoxicating_decoction":1,"minecraft:white_carpet":14,"minecraft:iron_shovel":4,"iceandfire:graveyard_soil":4,"minecraft:cracked_stone_bricks":12,"minecraft:beef":48,"born_in_chaos_v1:gnawed_bones":4,"minecraft:poppy":3,"minecraft:iron_nugget":39,"minecraft:birch_sapling":9,"minecraft:egg":2,"naturalist:duck":3,"minecraft:raw_gold_block":19,"artifacts:charm_of_sinking":1,"minecraft:fire_charge":3,"born_in_chaos_v1:pieceofdarkmetal":1,"minecraft:carrot":62,"minecraft:redstone":123,"minecraft:prismarine_crystals":2,"minecraft:diamond_chestplate":1,"minecraft:beetroot_seeds":21,"minecraft:diamond_boots":1,"minecraft:hay_block":12,"born_in_chaos_v1:spiny_shell":4,"minecraft:gold_ingot":68,"minecraft:polished_blackstone":4,"minecraft:mutton":21,"minecraft:bone_block":10,"minecraft:white_wool":16,"minecraft:rail":41,"minecraft:stripped_oak_log":38,"luminousworld:ishstone":14,"minecraft:red_mushroom":1,"minecraft:oak_log":273,"minecraft:ancient_debris":1,"mowziesmobs:wrought_axe":5,"minecraft:white_banner":2,"minecraft:stone_bricks":9,"minecraft:apple":21,"minecraft:kelp":2,"minecraft:warped_stem":5,"earthmobsmod:fancy_feather":3,"minecraft:cobweb":4,"tombstone:bag_of_seeds":1,"minecraft:gray_bed":1,"minecraft:iron_sword":1,"minecraft:dark_oak_stairs":1,"iceandfire:copper_nugget":42,"born_in_chaos_v1:orbofthe_summoner":1,"minecraft:cracked_nether_bricks":2,"minecraft:gravel":33,"minecraft:crying_obsidian":10,"minecraft:slime_ball":12,"minecraft:painting":2,"minecraft:gray_wool":1,"minecraft:baked_potato":57,"minecraft:wheat":1,"illagerinvasion:platinum_chunk":9,"minecraft:redstone_block":6,"earthmobsmod:fancy_egg":3,"minecraft:potion":3,"minecraft:nether_brick":19,"minecraft:crimson_planks":39,"born_in_chaos_v1:black_argillite":4,"minecraft:raw_copper":88,"minecraft:sticky_piston":10,"minecraft:zombie_head":1,"minecraft:red_sand":20,"minecraft:tnt_minecart":1,"alexsmobs:blood_sac":2,"earthmobsmod:duck_egg":5,"minecraft:bucket":1,"minecraft:wooden_shovel":1,"minecraft:iron_pickaxe":2,"minecraft:iron_boots":3,"minecraft:furnace":6,"minecraft:stick":114,"iceandfire:ghost_chest":2,"ecologics:walnut_log":4,"minecraft:oak_fence":3,"minecraft:torch":54,"minecraft:spruce_stairs":4,"minecraft:porkchop":6,"minecraft:dried_kelp":7,"cataclysm:burning_ashes":3,"tombstone:grave_dust":8,"minecraft:diorite":51,"aether:golden_gloves":10,"quark:ancient_tome":4,"minecraft:rotten_flesh":62,"supplementaries:antique_ink":1,"minecraft:obsidian":3,"minecraft:cod":27,"undead_revamp2:arapholia":1,"minecraft:cobblestone":1689,"ecologics:walnut":6,"minecraft:leather_chestplate":1,"minecraft:magma_cream":1,"minecraft:repeater":4,"minecraft:andesite":36,"minecraft:black_bed":2,"minecraft:golden_leggings":3,"minecraft:potato":1,"minecraft:tuff":50,"supplementaries:flax_seeds":11,"minecraft:lapis_lazuli":68,"minecraft:dirt":876,"minecraft:leather_boots":1,"minecraft:bone":60,"minecraft:wheat_seeds":32,"minecraft:raw_gold":45,"minecraft:mossy_stone_bricks":14,"minecraft:fletching_table":1,"minecraft:powered_rail":3,"minecraft:oak_planks":100,"minecraft:ghast_tear":5,"minecraft:cooked_porkchop":2,"iceandfire:podium_spruce":1,"minecraft:sand":9,"minecraft:dead_bush":1,"minecraft:spectral_arrow":26,"born_in_chaos_v1:fire_dust":3,"minecraft:diamond":25,"minecraft:cracked_polished_blackstone_bricks":47,"minecraft:crossbow":1,"minecraft:bone_meal":1,"minecraft:emerald":15,"minecraft:oak_sapling":57,"iceandfire:silver_nugget":30,"minecraft:netherrack":323,"quark:crimson_chest":2,"born_in_chaos_v1:diamond_termite_shard":5,"minecraft:azure_bluet":5,"minecraft:splash_potion":2,"minecraft:chicken":8,"born_in_chaos_v1:river_mint":1,"minecraft:gold_block":24,"minecraft:diamond_horse_armor":1,"stalwart_dungeons:soul_bricks":122,"minecraft:oak_trapdoor":1,"artifacts:feral_claws":1,"minecraft:blackstone":25,"ecologics:walnut_sapling":4,"minecraft:candle":21,"minecraft:oak_boat":9,"minecraft:lectern":105,"minecraft:sugar_cane":99,"minecraft:spruce_trapdoor":4,"minecraft:raw_iron":181,"ecologics:coconut_slice":38,"endrem:nether_eye":1,"minecraft:note_block":4,"minecraft:polished_blackstone_bricks":46,"quark:birch_chest":1,"minecraft:arrow":8,"minecraft:tube_coral":1,"minecraft:weeping_vines":3,"stalwart_dungeons:raw_tungsten":71,"minecraft:nether_bricks":5,"minecraft:saddle":1,"minecraft:skeleton_skull":11,"born_in_chaos_v1:corpse_maggot":10,"minecraft:basalt":57,"minecraft:glow_ink_sac":5,"minecraft:leather":81,"minecraft:birch_planks":12,"minecraft:crimson_fungus":1,"minecraft:chainmail_chestplate":1,"minecraft:gunpowder":11,"minecraft:cobblestone_stairs":1,"quark:forgotten_hat":1,"minecraft:red_sandstone":12,"stalwart_dungeons:pusher":51,"minecraft:iron_ingot":59,"luminousworld:white_petunias":1,"minecraft:soul_sand":31,"minecraft:book":63,"minecraft:chiseled_stone_bricks":1,"minecraft:stone_brick_slab":2,"minecraft:dandelion":8,"luminousworld:sunset_petunias":6,"stalwart_dungeons:soul_tiles":13,"alexsmobs:lava_bottle":1,"minecraft:blast_furnace":9,"minecraft:soul_torch":4,"mowziesmobs:wrought_helmet":1,"minecraft:white_bed":17,"minecraft:spider_eye":1,"luminousworld:whiteoaklog":10,"undead_revamp2:rawbostrox":2,"minecraft:chainmail_leggings":3,"minecraft:iron_helmet":1,"minecraft:terracotta":1,"stalwart_dungeons:igniter":33,"tombstone:magic_scroll":4,"minecraft:damaged_anvil":1,"minecraft:coal":268},"minecraft:killed_by":{"minecraft:piglin_brute":2,"minecraft:pillager":1,"minecraft:zombie":1,"stalwart_dungeons:incomplete_wither":2,"cataclysm:ignited_revenant":2,"enemyexpansion:botfly":1,"iceandfire:ghost":10,"born_in_chaos_v1:maggot":1,"iceandfire:cyclops":4,"born_in_chaos_v1:bone_imp_minion":2,"quark:forgotten":1,"undead_revamp2:clogger":1,"minecraft:piglin":1,"artifacts:mimic":1,"born_in_chaos_v1:supreme_bonescaller_stage_2":1,"stalwart_dungeons:reinforced_blaze":3,"minecraft:enderman":1,"mowziesmobs:ferrous_wroughtnaut":5},"minecraft:custom":{"minecraft:interact_with_crafting_table":125,"minecraft:open_barrel":118,"minecraft:leave_game":8,"minecraft:time_since_death":5830,"minecraft:damage_blocked_by_shield":2248,"minecraft:play_time":814853,"minecraft:deaths":70,"minecraft:jump":12379,"minecraft:interact_with_furnace":174,"minecraft:traded_with_villager":2,"minecraft:sleep_in_bed":35,"minecraft:damage_dealt":66810,"tombstone:undead_killed":53,"minecraft:interact_with_smoker":7,"minecraft:interact_with_anvil":5,"minecraft:inspect_hopper":3,"minecraft:damage_dealt_absorbed":137,"minecraft:sneak_time":40425,"minecraft:interact_with_blast_furnace":40,"minecraft:total_world_time":814853,"tombstone:raider_killed":15,"minecraft:interact_with_stonecutter":1,"minecraft:time_since_rest":4183,"minecraft:swim_one_cm":62332,"minecraft:fly_one_cm":2650544,"minecraft:open_chest":455,"minecraft:fall_one_cm":785570,"minecraft:animals_bred":7,"minecraft:damage_resisted":4,"minecraft:sprint_one_cm":1771643,"minecraft:drop":184,"minecraft:play_noteblock":9,"minecraft:talked_to_villager":107,"minecraft:interact_with_brewingstand":10,"minecraft:walk_on_water_one_cm":49355,"minecraft:interact_with_loom":1,"minecraft:player_kills":1,"minecraft:crouch_one_cm":127752,"minecraft:mob_kills":332,"minecraft:damage_dealt_resisted":402,"minecraft:climb_one_cm":50822,"minecraft:walk_one_cm":2266922,"minecraft:walk_under_water_one_cm":37814,"minecraft:damage_taken":31807,"minecraft:damage_absorbed":40,"minecraft:trigger_trapped_chest":8}},"DataVersion":3465}