{"stats":{"minecraft:broken":{"minecraft:diamond_helmet":1,"minecraft:iron_boots":1,"minecraft:shield":1,"minecraft:iron_pickaxe":7,"minecraft:iron_shovel":2,"minecraft:stone_pickaxe":2,"minecraft:diamond_boots":1,"minecraft:leather_chestplate":1},"minecraft:crafted":{"ecologics:walnut_planks":16,"minecraft:bookshelf":3,"minecraft:cooked_mutton":16,"minecraft:glass":21,"minecraft:smithing_table":1,"minecraft:copper_ingot":16,"minecraft:lectern":3,"quark:oak_chest":29,"minecraft:iron_pickaxe":6,"minecraft:gold_ingot":59,"minecraft:golden_carrot":61,"hangglider:glider_framework":1,"minecraft:pointed_dripstone":4,"minecraft:bone_meal":258,"hangglider:glider_wing":2,"luminousworld:white_oak_plank":40,"minecraft:stone_pickaxe":4,"minecraft:wheat":81,"luminousworld:autumnplank":56,"luminousworld:auburn_door":3,"sophisticatedbackpacks:gold_backpack":4,"minecraft:iron_shovel":2,"minecraft:iron_leggings":1,"minecraft:white_bed":3,"minecraft:golden_hoe":1,"minecraft:oak_planks":500,"hangglider:hang_glider":1,"aether:golden_ring":1,"minecraft:stone":78,"minecraft:red_sandstone":1,"minecraft:warped_planks":116,"minecraft:hopper":12,"minecraft:iron_boots":1,"minecraft:chest":6,"minecraft:oak_slab":24,"sophisticatedbackpacks:backpack":2,"minecraft:crafting_table":11,"minecraft:wooden_pickaxe":1,"minecraft:birch_planks":48,"iceandfire:copper_sword":1,"minecraft:iron_chestplate":1,"minecraft:diamond_pickaxe":1,"minecraft:shield":3,"minecraft:stick":92,"minecraft:iron_ingot":141,"minecraft:wooden_sword":1,"minecraft:oak_door":3,"minecraft:furnace":2,"minecraft:oak_trapdoor":6,"sophisticatedbackpacks:iron_backpack":2,"minecraft:cooked_beef":36,"minecraft:cooked_cod":8,"minecraft:crimson_planks":128,"minecraft:diamond_sword":1,"minecraft:iron_sword":1,"minecraft:bucket":5,"minecraft:stone_axe":2,"minecraft:bread":21,"minecraft:air":0,"minecraft:oak_boat":7,"minecraft:white_wool":2,"minecraft:gold_nugget":234,"minecraft:stonecutter":1,"ecologics:walnut_boat":1,"minecraft:torch":232},"minecraft:mined":{"minecraft:white_bed":17,"luminousworld:autumnleaves":1,"iceandfire:copper_pile":6,"minecraft:red_nether_bricks":1,"minecraft:potted_dead_bush":1,"minecraft:granite":32,"minecraft:red_sand":18,"minecraft:crimson_fungus":1,"minecraft:nether_wart":27,"minecraft:oxeye_daisy":1,"minecraft:chiseled_stone_bricks":1,"minecraft:spawner":3,"minecraft:polished_blackstone_bricks":42,"minecraft:weeping_vines_plant":2,"minecraft:cobbled_deepslate":16,"minecraft:sticky_piston":10,"minecraft:fire":21,"minecraft:fletching_table":1,"minecraft:deepslate_lapis_ore":9,"placeablesmod:empty_bucket_block":1,"iceandfire:gold_pile":28,"minecraft:dirt_path":2,"minecraft:oak_stairs":9,"stalwart_dungeons:soul_magma_bricks":1,"minecraft:red_bed":4,"minecraft:torch":12,"minecraft:note_block":4,"minecraft:blast_furnace":9,"minecraft:sugar_cane":17,"minecraft:damaged_anvil":1,"minecraft:skeleton_skull":10,"minecraft:repeater":4,"minecraft:magenta_bed":13,"minecraft:black_bed":2,"minecraft:wither_rose":2,"minecraft:grass":120,"stalwart_dungeons:pusher":15,"luminousworld:grassvariant_3":24,"minecraft:deepslate":148,"iceandfire:silver_ore":13,"stalwart_dungeons:soul_bricks":14,"minecraft:nether_bricks":5,"minecraft:dark_oak_fence":6,"born_in_chaos_v1:black_argillite":5,"minecraft:redstone_wire":38,"luminousworld:grassvariant_2":37,"luminousworld:whiteoakleaves":2,"born_in_chaos_v1:gnawed_bones":3,"minecraft:redstone_ore":6,"minecraft:andesite":36,"minecraft:vine":32,"minecraft:rail":29,"luminousworld:groundpebbles_2":2,"iceandfire:podium_spruce":1,"minecraft:white_wool":4,"minecraft:smithing_table":2,"minecraft:redstone_block":6,"minecraft:soul_sand":24,"quark:dark_oak_chest":1,"minecraft:brown_carpet":1,"minecraft:stone_brick_slab":2,"minecraft:dandelion":2,"ecologics:walnut_leaves":1,"luminousworld:auburnlog":14,"luminousworld:grassflowers":5,"minecraft:tall_grass":21,"minecraft:copper_ore":14,"minecraft:deepslate_gold_ore":36,"minecraft:diorite":57,"stalwart_dungeons:tungsten_ore":20,"minecraft:warped_wart_block":17,"luminousworld:whiteoaklog":10,"minecraft:coarse_dirt":3,"minecraft:white_carpet":9,"minecraft:birch_leaves":9,"iceandfire:silver_pile":9,"luminousworld:ishstone":8,"stalwart_dungeons:igniter":3,"minecraft:gravel":15,"minecraft:cobweb":117,"minecraft:polished_blackstone":4,"quark:crimson_chest":1,"minecraft:stone_bricks":9,"minecraft:chipped_anvil":2,"minecraft:gold_ore":7,"minecraft:fern":1,"undead_revamp2:arapholia":1,"stalwart_dungeons:spore_vaporizer":8,"luminousworld:yellowpetunias":1,"minecraft:cobblestone_stairs":1,"sophisticatedbackpacks:gold_backpack":4,"minecraft:brewing_stand":1,"minecraft:spruce_trapdoor":4,"minecraft:grass_block":369,"minecraft:cracked_polished_blackstone_bricks":50,"iceandfire:lectern":1,"minecraft:iron_ore":67,"minecraft:azure_bluet":1,"minecraft:dark_oak_stairs":1,"minecraft:iron_bars":11,"ecologics:walnut_log":4,"minecraft:green_bed":1,"minecraft:deepslate_redstone_ore":13,"minecraft:blackstone":16,"minecraft:twisting_vines_plant":2,"luminousworld:purple_petunias":1,"stalwart_dungeons:soul_tiles":5,"minecraft:poppy":1,"iceandfire:ghost_chest":1,"minecraft:cobblestone":179,"minecraft:oak_planks":75,"minecraft:wall_torch":29,"minecraft:deepslate_copper_ore":4,"minecraft:powered_rail":3,"minecraft:warped_planks":1,"minecraft:birch_log":130,"minecraft:oak_log":268,"minecraft:sand":9,"minecraft:dirt":462,"minecraft:netherrack":213,"minecraft:oak_leaves":153,"luminousworld:groundpebbles_1":2,"minecraft:tuff":4,"luminousworld:grassvariant_4":7,"minecraft:candle":11,"born_in_chaos_v1:infected_diamond_ore":7,"minecraft:lever":7,"minecraft:cracked_nether_bricks":8,"luminousworld:groundpebbles_3":3,"minecraft:large_fern":1,"minecraft:hay_block":12,"luminousworld:sunset_petunias":4,"minecraft:oak_trapdoor":1,"minecraft:carrots":1,"minecraft:furnace":6,"luminousworld:yellow_grassflowers":1,"minecraft:raw_gold_block":19,"minecraft:polished_basalt":1,"minecraft:gold_block":26,"minecraft:bookshelf":21,"minecraft:shroomlight":1,"minecraft:deepslate_iron_ore":68,"minecraft:stripped_oak_log":38,"minecraft:stone":1429,"minecraft:scaffolding":9,"born_in_chaos_v1:marigolds":1,"minecraft:basalt":21,"minecraft:crafting_table":20,"minecraft:lectern":105,"minecraft:lapis_ore":1,"supplementaries:urn":33,"minecraft:spruce_stairs":4,"minecraft:birch_planks":13,"minecraft:polished_blackstone_stairs":7,"minecraft:gray_bed":1,"minecraft:coal_ore":169,"minecraft:flower_pot":1,"minecraft:cracked_stone_bricks":12,"minecraft:terracotta":1,"minecraft:mossy_stone_bricks":12},"minecraft:dropped":{"minecraft:lapis_lazuli":8,"minecraft:cooked_beef":2,"minecraft:glow_ink_sac":3,"minecraft:glass_bottle":3,"minecraft:crafting_table":1,"minecraft:weeping_vines":2,"minecraft:cracked_stone_bricks":12,"minecraft:rail":4,"minecraft:emerald":1,"minecraft:gold_nugget":1,"minecraft:wooden_sword":1,"minecraft:iron_pickaxe":1,"minecraft:sugar":2,"minecraft:bone":2,"minecraft:stone_axe":1,"minecraft:iron_nugget":5,"minecraft:golden_chestplate":1,"alexsmobs:animal_dictionary":1,"aether:golden_gloves":1,"undead_revamp2:arapholia":3,"minecraft:rotten_flesh":23,"minecraft:azure_bluet":1,"minecraft:beef":3,"minecraft:warped_wart_block":2,"minecraft:crying_obsidian":3,"iceandfire:manuscript":3,"minecraft:iron_ingot":82,"minecraft:wheat_seeds":11,"luminousworld:ishstone":12,"minecraft:feather":3,"minecraft:apple":6,"minecraft:granite":8,"minecraft:chainmail_helmet":1,"born_in_chaos_v1:gnawed_bones":1,"minecraft:chainmail_leggings":1,"minecraft:string":2,"born_in_chaos_v1:rotten_fish":1,"minecraft:iron_boots":1,"minecraft:bundle":1,"minecraft:stone_bricks":4,"minecraft:spider_eye":1,"minecraft:red_sand":1,"minecraft:terracotta":1,"luminousworld:yellowpetunias":1,"minecraft:baked_potato":8,"minecraft:leather":2,"minecraft:seagrass":1,"minecraft:tube_coral":1,"minecraft:gold_ingot":41,"minecraft:gravel":1,"hangglider:hang_glider":1,"minecraft:beetroot":1,"quark:crimson_chest":1,"minecraft:chainmail_chestplate":2,"minecraft:poppy":1,"supplementaries:ash":16,"minecraft:beetroot_seeds":28,"born_in_chaos_v1:corpse_maggot":1,"ecologics:coconut_husk":12,"minecraft:chainmail_boots":2,"minecraft:iron_bars":4,"minecraft:arrow":1,"minecraft:water_bucket":1,"luminousworld:sunset_petunias":3,"minecraft:golden_helmet":1,"minecraft:golden_axe":1,"minecraft:stick":7,"minecraft:magenta_bed":3,"minecraft:diorite":18,"luminousworld:auburn_sapling":1,"minecraft:iron_leggings":1,"minecraft:polished_basalt":2,"minecraft:kelp":2,"minecraft:stripped_oak_log":19,"minecraft:iron_chestplate":1,"luminousworld:groundpebbles_1":1,"minecraft:andesite":11,"minecraft:mossy_stone_bricks":10,"minecraft:golden_leggings":2,"minecraft:oak_sapling":2,"minecraft:golden_sword":3,"minecraft:stone_pickaxe":1,"minecraft:wooden_pickaxe":1,"minecraft:raw_gold":2,"minecraft:magma_cream":19},"minecraft:used":{"minecraft:beetroot":11,"minecraft:polished_blackstone":4,"minecraft:rotten_flesh":4,"minecraft:soul_sand":20,"minecraft:lava_bucket":1,"minecraft:birch_sapling":2,"supplementaries:ash":1,"minecraft:furnace":8,"minecraft:oak_sapling":9,"minecraft:cooked_cod":8,"minecraft:egg":1,"luminousworld:autumnplank":42,"minecraft:mossy_stone_bricks":4,"minecraft:diorite":22,"minecraft:blackstone":25,"minecraft:wooden_pickaxe":3,"minecraft:golden_apple":1,"minecraft:sand":1,"stalwart_dungeons:soul_bricks":5,"minecraft:blast_furnace":8,"earthmobsmod:duck_egg":2,"minecraft:red_sandstone":1,"minecraft:lectern":107,"minecraft:diamond_sword":240,"minecraft:wooden_sword":21,"minecraft:smithing_table":2,"minecraft:dark_oak_fence":2,"minecraft:birch_log":51,"minecraft:oak_boat":11,"endrem:nether_eye":1,"minecraft:oak_trapdoor":7,"minecraft:iron_bars":2,"minecraft:netherrack":144,"minecraft:torch":271,"minecraft:brewing_stand":1,"minecraft:warped_wart_block":12,"iceandfire:copper_sword":280,"minecraft:chipped_anvil":1,"stalwart_dungeons:soul_magma_bricks":1,"minecraft:basalt":4,"luminousworld:auburn_door":3,"tombstone:gift":7,"minecraft:cobbled_deepslate":134,"minecraft:golden_axe":6,"sophisticatedbackpacks:gold_backpack":4,"born_in_chaos_v1:mint_ice_cream":2,"minecraft:water_bucket":24,"minecraft:birch_planks":57,"minecraft:polished_blackstone_bricks":37,"minecraft:gilded_blackstone":5,"minecraft:salmon":16,"minecraft:rail":5,"minecraft:crafting_table":30,"supplementaries:bomb":2,"minecraft:red_bed":4,"minecraft:white_bed":20,"minecraft:cod":19,"mowziesmobs:wrought_axe":1494,"minecraft:oak_log":2,"minecraft:diamond_pickaxe":796,"minecraft:iron_pickaxe":1978,"minecraft:chiseled_stone_bricks":1,"luminousworld:sunset_petunias":1,"minecraft:cobblestone":803,"minecraft:potion":3,"minecraft:cooked_porkchop":7,"quark:oak_chest":16,"minecraft:dandelion":1,"minecraft:candle":15,"minecraft:red_sand":7,"minecraft:iron_shovel":821,"minecraft:polished_basalt":1,"minecraft:shield":100,"minecraft:iron_sword":193,"minecraft:nether_wart":20,"minecraft:iron_chestplate":1,"minecraft:mutton":1,"minecraft:nether_bricks":2,"minecraft:carrot":3,"minecraft:tuff":2,"minecraft:obsidian":1,"born_in_chaos_v1:corpse_maggot":1,"minecraft:lantern":1,"born_in_chaos_v1:gnawed_bones":2,"minecraft:stone_bricks":6,"minecraft:golden_sword":6,"minecraft:gray_bed":1,"minecraft:polished_blackstone_stairs":7,"minecraft:stone_pickaxe":354,"minecraft:oak_planks":51,"minecraft:chainmail_helmet":1,"luminousworld:groundpebbles_1":1,"minecraft:sugar_cane":23,"minecraft:white_wool":2,"minecraft:golden_hoe":2,"minecraft:black_bed":1,"minecraft:bread":30,"tombstone:grave_key":1,"born_in_chaos_v1:marigolds":1,"minecraft:gravel":15,"minecraft:golden_helmet":1,"ecologics:coconut_slice":42,"luminousworld:purple_petunias":1,"minecraft:andesite":25,"minecraft:bone_meal":90,"minecraft:oak_fence":3,"born_in_chaos_v1:black_argillite":4,"minecraft:wooden_shovel":61,"minecraft:oak_door":3,"minecraft:dirt":173,"minecraft:white_carpet":14,"minecraft:hopper":12,"luminousworld:grassflowers":2,"minecraft:spruce_stairs":2,"minecraft:granite":25,"minecraft:stone_brick_slab":2,"minecraft:oak_stairs":9,"minecraft:iron_boots":1,"minecraft:crimson_planks":63,"minecraft:golden_carrot":32,"minecraft:infested_cobblestone":14,"minecraft:cooked_beef":26,"minecraft:iron_leggings":2,"minecraft:cooked_mutton":7,"minecraft:cobblestone_stairs":1,"minecraft:baked_potato":46,"minecraft:red_nether_bricks":1,"luminousworld:yellow_grassflowers":2,"ecologics:walnut_sapling":4,"minecraft:stonecutter":1,"minecraft:green_bed":1,"minecraft:magenta_bed":13,"minecraft:painting":3,"minecraft:warped_planks":73,"minecraft:apple":3,"minecraft:cracked_polished_blackstone_bricks":47,"ecologics:walnut_boat":1,"minecraft:stone_axe":122,"minecraft:bucket":37,"alexsmobs:animal_dictionary":1,"minecraft:chainmail_leggings":2},"minecraft:killed":{"earthmobsmod:duck":4,"minecraft:cave_spider":8,"iceandfire:gorgon":1,"minecraft:skeleton":3,"born_in_chaos_v1:supreme_bonescaller_stage_2":1,"minecraft:magma_cube":43,"born_in_chaos_v1:bone_imp":1,"stalwart_dungeons:giddy_blaze":12,"luminousworld:crab":1,"minecraft:pillager":10,"enemyexpansion:meature":1,"minecraft:zombie":16,"enemyexpansion:vampire":1,"born_in_chaos_v1:corpse_fly":2,"enemyexpansion:botfly":6,"minecraft:cow":11,"alexsmobs:raccoon":1,"alexsmobs:seagull":2,"born_in_chaos_v1:thornshell_crab":1,"naturalist:duck":3,"mowziesmobs:ferrous_wroughtnaut":1,"enemyexpansion:silverqueen":1,"earthmobsmod:albino_cow":6,"born_in_chaos_v1:barrel_zombie":1,"born_in_chaos_v1:bone_imp_minion":4,"undead_revamp2:the_moonflower":1,"enemyexpansion:sprinter":1,"earthmobsmod:cream_cow":1,"born_in_chaos_v1:decrepit_skeleton":1,"iceandfire:ghost":6,"minecraft:spider":3,"quark:forgotten":1,"illagerinvasion:provoker":1,"minecraft:silverfish":6,"minecraft:piglin_brute":8,"born_in_chaos_v1:firelight_not_despawn":3,"artifacts:mimic":3,"minecraft:piglin":11,"minecraft:pig":1,"born_in_chaos_v1:diamond_termite":6,"minecraft:creeper":1,"alexsmobs:crimson_mosquito":1,"minecraft:sheep":10,"alexsmobs:fly":1,"minecraft:blaze":2,"enemyexpansion:direwolf":3,"born_in_chaos_v1:maggot":3,"earthmobsmod:fancy_chicken":4,"alexsmobs:bison":1,"minecraft:drowned":3,"born_in_chaos_v1:corpse_fish":4,"stalwart_dungeons:reinforced_blaze":7,"minecraft:hoglin":2,"minecraft:wither_skeleton":1,"enemyexpansion:slugger":1},"minecraft:picked_up":{"minecraft:seagrass":1,"minecraft:iron_chestplate":1,"minecraft:chainmail_boots":3,"minecraft:flower_pot":2,"minecraft:prismarine_shard":2,"minecraft:smithing_table":2,"artifacts:bunny_hoppers":1,"minecraft:wither_rose":2,"minecraft:oak_stairs":9,"minecraft:enchanted_book":3,"minecraft:golden_shovel":1,"minecraft:brewing_stand":1,"minecraft:golden_sword":3,"iceandfire:manuscript":3,"minecraft:string":135,"minecraft:red_nether_bricks":1,"minecraft:pufferfish":1,"minecraft:shroomlight":1,"minecraft:beetroot":1,"minecraft:diamond_leggings":1,"minecraft:cobbled_deepslate":166,"minecraft:gold_nugget":274,"hangglider:hang_glider":2,"ecologics:crab_claw":1,"minecraft:golden_helmet":1,"luminousworld:auburnlog":14,"minecraft:polished_blackstone_stairs":7,"minecraft:green_bed":1,"minecraft:golden_axe":1,"minecraft:warped_planks":1,"stalwart_dungeons:soul_magma_bricks":1,"luminousworld:grassflowers":7,"luminousworld:yellow_grassflowers":3,"minecraft:polished_basalt":3,"supplementaries:ash":38,"minecraft:blaze_rod":24,"minecraft:iron_bars":11,"minecraft:birch_log":130,"minecraft:feather":4,"minecraft:cooked_beef":5,"alexsmobs:bison_fur":2,"minecraft:flint":2,"luminousworld:purple_petunias":2,"minecraft:magenta_bed":16,"minecraft:lantern":1,"born_in_chaos_v1:marigolds":1,"minecraft:twisting_vines":2,"stalwart_dungeons:blaze_armor_scrap":6,"minecraft:chipped_anvil":2,"minecraft:diamond_helmet":2,"minecraft:warped_wart_block":18,"sophisticatedbackpacks:iron_backpack":1,"alexsmobs:animal_dictionary":1,"naturalist:duck_egg":3,"minecraft:bundle":2,"minecraft:iron_hoe":1,"stalwart_dungeons:spore_vaporizer":8,"iceandfire:lectern":1,"luminousworld:yellowpetunias":1,"minecraft:lever":7,"minecraft:granite":33,"luminousworld:auburn_sapling":1,"minecraft:chainmail_helmet":2,"minecraft:bread":8,"iceandfire:gorgon_head":1,"born_in_chaos_v1:rotten_fish":5,"minecraft:dark_oak_fence":8,"iceandfire:raw_silver":13,"luminousworld:groundpebbles_1":10,"sophisticatedbackpacks:gold_backpack":4,"minecraft:crafting_table":21,"minecraft:coarse_dirt":3,"minecraft:nether_wart":101,"born_in_chaos_v1:seedof_chaos":3,"minecraft:infested_cobblestone":14,"quark:dark_oak_chest":1,"minecraft:red_bed":4,"born_in_chaos_v1:intoxicating_decoction":1,"minecraft:white_carpet":14,"minecraft:iron_shovel":4,"iceandfire:graveyard_soil":4,"minecraft:cracked_stone_bricks":12,"minecraft:beef":48,"born_in_chaos_v1:gnawed_bones":4,"minecraft:poppy":1,"minecraft:iron_nugget":39,"minecraft:birch_sapling":9,"minecraft:egg":2,"naturalist:duck":3,"minecraft:raw_gold_block":19,"artifacts:charm_of_sinking":1,"minecraft:fire_charge":3,"born_in_chaos_v1:pieceofdarkmetal":1,"minecraft:carrot":62,"minecraft:redstone":123,"minecraft:prismarine_crystals":2,"minecraft:diamond_chestplate":1,"minecraft:beetroot_seeds":21,"minecraft:diamond_boots":1,"minecraft:hay_block":12,"born_in_chaos_v1:spiny_shell":4,"minecraft:gold_ingot":68,"minecraft:polished_blackstone":4,"minecraft:mutton":21,"minecraft:rail":41,"minecraft:bone_block":10,"minecraft:white_wool":16,"minecraft:stripped_oak_log":38,"luminousworld:ishstone":14,"minecraft:red_mushroom":1,"minecraft:oak_log":268,"mowziesmobs:wrought_axe":5,"minecraft:white_banner":1,"minecraft:stone_bricks":9,"minecraft:apple":21,"minecraft:kelp":2,"earthmobsmod:fancy_feather":3,"minecraft:cobweb":4,"tombstone:bag_of_seeds":1,"minecraft:gray_bed":1,"minecraft:iron_sword":1,"minecraft:dark_oak_stairs":1,"iceandfire:copper_nugget":42,"born_in_chaos_v1:orbofthe_summoner":1,"minecraft:cracked_nether_bricks":2,"minecraft:gravel":33,"minecraft:crying_obsidian":10,"minecraft:painting":2,"minecraft:gray_wool":1,"minecraft:baked_potato":57,"minecraft:wheat":1,"illagerinvasion:platinum_chunk":8,"minecraft:redstone_block":6,"earthmobsmod:fancy_egg":2,"minecraft:potion":3,"minecraft:nether_brick":19,"born_in_chaos_v1:black_argillite":4,"minecraft:raw_copper":88,"minecraft:sticky_piston":10,"minecraft:zombie_head":1,"alexsmobs:blood_sac":1,"minecraft:red_sand":17,"minecraft:tnt_minecart":1,"earthmobsmod:duck_egg":5,"minecraft:bucket":1,"minecraft:wooden_shovel":1,"minecraft:iron_pickaxe":2,"minecraft:iron_boots":3,"minecraft:furnace":6,"minecraft:stick":114,"iceandfire:ghost_chest":1,"ecologics:walnut_log":4,"minecraft:oak_fence":3,"minecraft:torch":54,"minecraft:spruce_stairs":4,"minecraft:porkchop":6,"minecraft:dried_kelp":7,"cataclysm:burning_ashes":3,"tombstone:grave_dust":6,"minecraft:diorite":51,"aether:golden_gloves":10,"minecraft:rotten_flesh":37,"supplementaries:antique_ink":1,"minecraft:obsidian":3,"minecraft:cod":27,"undead_revamp2:arapholia":1,"minecraft:cobblestone":1678,"ecologics:walnut":6,"minecraft:leather_chestplate":1,"minecraft:magma_cream":1,"minecraft:repeater":4,"minecraft:andesite":36,"minecraft:black_bed":2,"minecraft:golden_leggings":3,"minecraft:potato":1,"minecraft:tuff":2,"supplementaries:flax_seeds":11,"minecraft:lapis_lazuli":68,"minecraft:dirt":829,"minecraft:leather_boots":1,"minecraft:bone":41,"minecraft:wheat_seeds":23,"minecraft:raw_gold":45,"minecraft:mossy_stone_bricks":14,"minecraft:fletching_table":1,"minecraft:powered_rail":3,"minecraft:oak_planks":100,"minecraft:ghast_tear":5,"minecraft:cooked_porkchop":2,"iceandfire:podium_spruce":1,"minecraft:sand":9,"minecraft:dead_bush":1,"minecraft:spectral_arrow":26,"born_in_chaos_v1:fire_dust":3,"minecraft:diamond":14,"minecraft:cracked_polished_blackstone_bricks":47,"minecraft:crossbow":1,"minecraft:bone_meal":1,"minecraft:emerald":15,"minecraft:oak_sapling":55,"minecraft:netherrack":210,"iceandfire:silver_nugget":30,"quark:crimson_chest":2,"born_in_chaos_v1:diamond_termite_shard":5,"minecraft:azure_bluet":4,"minecraft:splash_potion":2,"minecraft:chicken":8,"born_in_chaos_v1:river_mint":1,"minecraft:gold_block":24,"minecraft:diamond_horse_armor":1,"stalwart_dungeons:soul_bricks":14,"minecraft:oak_trapdoor":1,"artifacts:feral_claws":1,"minecraft:blackstone":25,"ecologics:walnut_sapling":4,"minecraft:candle":20,"minecraft:oak_boat":9,"minecraft:lectern":105,"minecraft:sugar_cane":23,"minecraft:spruce_trapdoor":4,"minecraft:raw_iron":181,"ecologics:coconut_slice":38,"endrem:nether_eye":1,"minecraft:note_block":4,"minecraft:polished_blackstone_bricks":38,"minecraft:arrow":8,"minecraft:tube_coral":1,"minecraft:weeping_vines":2,"stalwart_dungeons:raw_tungsten":20,"minecraft:nether_bricks":5,"minecraft:saddle":1,"minecraft:skeleton_skull":11,"born_in_chaos_v1:corpse_maggot":3,"minecraft:basalt":36,"minecraft:glow_ink_sac":5,"minecraft:leather":23,"minecraft:birch_planks":12,"minecraft:crimson_fungus":1,"minecraft:chainmail_chestplate":1,"minecraft:gunpowder":11,"minecraft:cobblestone_stairs":1,"quark:forgotten_hat":1,"stalwart_dungeons:pusher":15,"minecraft:iron_ingot":59,"minecraft:soul_sand":31,"minecraft:book":63,"minecraft:chiseled_stone_bricks":1,"minecraft:stone_brick_slab":2,"minecraft:dandelion":2,"luminousworld:sunset_petunias":5,"stalwart_dungeons:soul_tiles":5,"minecraft:soul_torch":4,"minecraft:blast_furnace":9,"mowziesmobs:wrought_helmet":1,"minecraft:white_bed":17,"minecraft:spider_eye":1,"luminousworld:whiteoaklog":10,"minecraft:chainmail_leggings":3,"minecraft:iron_helmet":1,"stalwart_dungeons:igniter":5,"minecraft:terracotta":1,"tombstone:magic_scroll":2,"minecraft:damaged_anvil":1,"minecraft:coal":265},"minecraft:killed_by":{"minecraft:piglin_brute":2,"minecraft:pillager":1,"minecraft:zombie":1,"stalwart_dungeons:incomplete_wither":1,"cataclysm:ignited_revenant":2,"enemyexpansion:botfly":1,"iceandfire:ghost":10,"born_in_chaos_v1:maggot":1,"iceandfire:cyclops":4,"born_in_chaos_v1:bone_imp_minion":2,"quark:forgotten":1,"undead_revamp2:clogger":1,"minecraft:piglin":1,"artifacts:mimic":1,"born_in_chaos_v1:supreme_bonescaller_stage_2":1,"stalwart_dungeons:reinforced_blaze":2,"mowziesmobs:ferrous_wroughtnaut":5},"minecraft:custom":{"minecraft:interact_with_crafting_table":107,"minecraft:open_barrel":116,"minecraft:leave_game":7,"minecraft:time_since_death":0,"minecraft:damage_blocked_by_shield":1905,"minecraft:play_time":670776,"minecraft:deaths":65,"minecraft:jump":10654,"minecraft:interact_with_furnace":155,"minecraft:traded_with_villager":2,"minecraft:sleep_in_bed":33,"minecraft:damage_dealt":48765,"tombstone:undead_killed":44,"minecraft:interact_with_smoker":7,"minecraft:interact_with_anvil":2,"minecraft:inspect_hopper":3,"minecraft:damage_dealt_absorbed":137,"minecraft:sneak_time":29551,"minecraft:interact_with_blast_furnace":40,"minecraft:total_world_time":670776,"tombstone:raider_killed":11,"minecraft:interact_with_stonecutter":1,"minecraft:time_since_rest":292,"minecraft:swim_one_cm":57870,"minecraft:fly_one_cm":2323171,"minecraft:open_chest":175,"minecraft:fall_one_cm":667211,"minecraft:animals_bred":7,"minecraft:sprint_one_cm":1570206,"minecraft:drop":178,"minecraft:play_noteblock":9,"minecraft:talked_to_villager":106,"minecraft:interact_with_brewingstand":7,"minecraft:walk_on_water_one_cm":40860,"minecraft:interact_with_loom":1,"minecraft:player_kills":1,"minecraft:crouch_one_cm":83793,"minecraft:mob_kills":257,"minecraft:damage_dealt_resisted":172,"minecraft:climb_one_cm":45839,"minecraft:walk_one_cm":1927235,"minecraft:walk_under_water_one_cm":23558,"minecraft:damage_taken":27296,"minecraft:damage_absorbed":40,"minecraft:trigger_trapped_chest":7}},"DataVersion":3465}