{"stats":{"minecraft:broken":{"minecraft:leather_chestplate":1},"minecraft:picked_up":{"luminousworld:groundpebbles_1":1,"born_in_chaos_v1:corpse_maggot":1,"minecraft:crafting_table":3,"minecraft:leather_chestplate":1,"minecraft:azure_bluet":2,"minecraft:glow_ink_sac":2,"minecraft:andesite":19,"minecraft:leather":6,"minecraft:wither_rose":1,"minecraft:potion":2,"minecraft:oak_log":6,"minecraft:brewing_stand":1,"minecraft:cobblestone_stairs":1,"iceandfire:manuscript":3,"minecraft:string":5,"minecraft:dirt":19,"minecraft:raw_copper":10,"born_in_chaos_v1:intoxicating_decoction":1,"minecraft:pufferfish":1,"minecraft:apple":1,"minecraft:stone_bricks":1,"minecraft:wheat_seeds":1,"earthmobsmod:duck_egg":1,"minecraft:beef":22,"minecraft:iron_ingot":1,"born_in_chaos_v1:gnawed_bones":4,"minecraft:poppy":1,"ecologics:crab_claw":1,"ecologics:coconut_slice":20,"minecraft:dandelion":1,"minecraft:gravel":1,"tombstone:grave_dust":2,"minecraft:white_bed":3,"alexsmobs:animal_dictionary":1,"naturalist:duck_egg":2,"minecraft:rotten_flesh":7,"minecraft:hay_block":6,"minecraft:granite":18,"minecraft:chainmail_helmet":1,"minecraft:gray_wool":1,"minecraft:iron_bars":1,"minecraft:terracotta":1,"iceandfire:raw_silver":3,"minecraft:mutton":5,"minecraft:cod":26,"minecraft:coal":38,"minecraft:skeleton_skull":3,"minecraft:white_wool":6,"minecraft:cobblestone":101},"minecraft:used":{"born_in_chaos_v1:mint_ice_cream":2,"minecraft:water_bucket":3,"minecraft:stone_pickaxe":197,"minecraft:wooden_pickaxe":3,"minecraft:salmon":16,"minecraft:torch":3,"iceandfire:copper_sword":11,"minecraft:crafting_table":4,"minecraft:white_bed":4,"minecraft:cod":7,"minecraft:granite":8,"earthmobsmod:duck_egg":1,"minecraft:bread":9,"born_in_chaos_v1:gnawed_bones":2,"minecraft:stone_bricks":1,"minecraft:stone_axe":88,"ecologics:coconut_slice":24,"minecraft:wooden_sword":21,"tombstone:gift":1,"minecraft:bucket":2,"alexsmobs:animal_dictionary":1},"minecraft:mined":{"minecraft:white_bed":3,"iceandfire:silver_ore":3,"luminousworld:grassvariant_4":1,"minecraft:cobblestone_stairs":1,"minecraft:brewing_stand":1,"minecraft:crafting_table":3,"minecraft:granite":18,"minecraft:grass_block":5,"minecraft:poppy":1,"luminousworld:grassvariant_2":3,"minecraft:copper_ore":3,"minecraft:cobblestone":23,"born_in_chaos_v1:gnawed_bones":3,"minecraft:large_fern":1,"minecraft:skeleton_skull":3,"minecraft:hay_block":6,"minecraft:fire":1,"minecraft:andesite":19,"minecraft:wither_rose":1,"minecraft:oak_log":6,"minecraft:grass":12,"minecraft:vine":2,"minecraft:coal_ore":38,"minecraft:iron_bars":1,"minecraft:gravel":1,"minecraft:dirt":5,"luminousworld:grassvariant_3":2,"minecraft:cobweb":4,"minecraft:terracotta":1,"minecraft:stone_bricks":1,"minecraft:stone":78},"minecraft:custom":{"minecraft:mob_kills":26,"minecraft:interact_with_crafting_table":15,"minecraft:open_barrel":3,"minecraft:time_since_death":4404,"minecraft:sleep_in_bed":2,"minecraft:time_since_rest":3889,"minecraft:sprint_one_cm":166329,"minecraft:damage_taken":3001,"minecraft:walk_one_cm":126574,"minecraft:trigger_trapped_chest":3,"minecraft:drop":19,"minecraft:damage_dealt":4332,"minecraft:swim_one_cm":9894,"minecraft:fly_one_cm":240508,"minecraft:open_chest":4,"minecraft:crouch_one_cm":2617,"minecraft:play_time":42967,"tombstone:undead_killed":9,"minecraft:deaths":7,"minecraft:sneak_time":1028,"minecraft:walk_under_water_one_cm":4028,"minecraft:jump":969,"minecraft:interact_with_brewingstand":1,"minecraft:walk_on_water_one_cm":4357,"minecraft:total_world_time":42967,"minecraft:fall_one_cm":19307},"minecraft:dropped":{"minecraft:stone_axe":1,"minecraft:wheat_seeds":1,"alexsmobs:animal_dictionary":1,"undead_revamp2:arapholia":2,"minecraft:rotten_flesh":1,"minecraft:granite":8,"minecraft:poppy":1,"born_in_chaos_v1:gnawed_bones":1,"luminousworld:groundpebbles_1":1,"born_in_chaos_v1:corpse_maggot":1,"minecraft:wooden_sword":1,"minecraft:wooden_pickaxe":1,"minecraft:stone_pickaxe":1,"minecraft:beef":3,"minecraft:sugar":2,"iceandfire:manuscript":3,"minecraft:terracotta":1},"minecraft:crafted":{"minecraft:wooden_sword":1,"minecraft:oak_planks":24,"sophisticatedbackpacks:backpack":1,"minecraft:crafting_table":1,"minecraft:wooden_pickaxe":1,"minecraft:furnace":1,"minecraft:stone_axe":2,"minecraft:bread":18,"minecraft:stick":20,"quark:oak_chest":1,"minecraft:stone_pickaxe":2,"minecraft:white_bed":1,"minecraft:torch":12,"minecraft:wheat":54},"minecraft:killed":{"minecraft:sheep":4,"enemyexpansion:meature":1,"minecraft:zombie":4,"iceandfire:ghost":3,"born_in_chaos_v1:corpse_fly":1,"alexsmobs:fly":1,"minecraft:drowned":1,"earthmobsmod:albino_cow":4,"minecraft:cow":4},"minecraft:killed_by":{"mowziesmobs:ferrous_wroughtnaut":2,"minecraft:zombie":1,"iceandfire:ghost":3,"born_in_chaos_v1:maggot":1}},"DataVersion":3465}