{"stats":{"minecraft:broken":{"minecraft:leather_chestplate":1,"minecraft:stone_pickaxe":2},"minecraft:picked_up":{"luminousworld:groundpebbles_1":1,"minecraft:crafting_table":4,"minecraft:azure_bluet":2,"minecraft:flower_pot":1,"minecraft:wither_rose":1,"minecraft:potion":2,"minecraft:brewing_stand":1,"iceandfire:manuscript":3,"minecraft:string":12,"minecraft:raw_copper":10,"born_in_chaos_v1:intoxicating_decoction":1,"minecraft:pufferfish":1,"minecraft:cobbled_deepslate":26,"minecraft:bucket":1,"earthmobsmod:duck_egg":1,"minecraft:beef":22,"born_in_chaos_v1:gnawed_bones":4,"minecraft:wooden_shovel":1,"minecraft:poppy":1,"ecologics:crab_claw":1,"minecraft:raw_iron":38,"ecologics:coconut_slice":20,"minecraft:torch":4,"tombstone:grave_dust":2,"minecraft:diorite":9,"minecraft:tube_coral":1,"minecraft:rotten_flesh":10,"minecraft:hay_block":6,"born_in_chaos_v1:spiny_shell":1,"supplementaries:ash":2,"minecraft:cobblestone":164,"minecraft:mutton":5,"minecraft:white_wool":6,"minecraft:iron_bars":2,"minecraft:cod":26,"minecraft:skeleton_skull":3,"minecraft:rail":5,"born_in_chaos_v1:corpse_maggot":2,"minecraft:leather_chestplate":1,"minecraft:glow_ink_sac":2,"minecraft:andesite":19,"minecraft:leather":6,"minecraft:flint":1,"minecraft:oak_log":6,"minecraft:gunpowder":2,"minecraft:cobblestone_stairs":1,"mowziesmobs:wrought_axe":1,"minecraft:dirt":20,"minecraft:bone":2,"minecraft:chipped_anvil":1,"minecraft:apple":1,"minecraft:stone_bricks":2,"minecraft:kelp":2,"minecraft:wheat_seeds":1,"minecraft:iron_ingot":1,"minecraft:mossy_stone_bricks":1,"minecraft:diamond_helmet":1,"minecraft:oak_planks":24,"minecraft:dandelion":1,"minecraft:gravel":3,"mowziesmobs:wrought_helmet":1,"minecraft:blast_furnace":1,"minecraft:white_bed":3,"minecraft:dead_bush":1,"naturalist:duck_egg":2,"alexsmobs:animal_dictionary":1,"minecraft:granite":27,"minecraft:gray_wool":1,"minecraft:chainmail_helmet":1,"minecraft:terracotta":1,"minecraft:coal":67,"iceandfire:raw_silver":6},"minecraft:used":{"minecraft:iron_bars":2,"minecraft:torch":38,"iceandfire:copper_sword":18,"minecraft:granite":19,"born_in_chaos_v1:corpse_maggot":1,"born_in_chaos_v1:gnawed_bones":2,"minecraft:stone_bricks":2,"minecraft:furnace":1,"tombstone:gift":3,"born_in_chaos_v1:mint_ice_cream":2,"minecraft:water_bucket":3,"minecraft:diorite":1,"minecraft:cobblestone_stairs":1,"minecraft:stone_pickaxe":344,"minecraft:wooden_pickaxe":3,"minecraft:salmon":16,"minecraft:rail":5,"minecraft:crafting_table":6,"minecraft:white_bed":4,"minecraft:cod":16,"mowziesmobs:wrought_axe":28,"earthmobsmod:duck_egg":1,"minecraft:bread":18,"minecraft:iron_pickaxe":42,"minecraft:stone_axe":111,"ecologics:coconut_slice":24,"minecraft:wooden_sword":21,"minecraft:cobblestone":48,"minecraft:bucket":2,"alexsmobs:animal_dictionary":1},"minecraft:mined":{"minecraft:white_bed":3,"iceandfire:silver_ore":6,"luminousworld:grassvariant_4":1,"minecraft:cobblestone_stairs":1,"minecraft:brewing_stand":1,"minecraft:potted_dead_bush":1,"minecraft:granite":24,"minecraft:grass_block":5,"luminousworld:grassvariant_2":3,"born_in_chaos_v1:gnawed_bones":3,"minecraft:large_fern":1,"minecraft:hay_block":6,"minecraft:iron_ore":23,"minecraft:fire":1,"minecraft:andesite":19,"placeablesmod:empty_bucket_block":1,"minecraft:deepslate_iron_ore":15,"minecraft:vine":4,"minecraft:iron_bars":2,"minecraft:stone":95,"minecraft:crafting_table":4,"minecraft:blast_furnace":1,"minecraft:poppy":1,"minecraft:copper_ore":3,"minecraft:cobblestone":69,"minecraft:oak_planks":13,"minecraft:diorite":9,"minecraft:wall_torch":3,"supplementaries:urn":2,"minecraft:skeleton_skull":3,"minecraft:wither_rose":1,"minecraft:grass":12,"minecraft:coal_ore":67,"minecraft:oak_log":6,"minecraft:dirt":5,"minecraft:gravel":3,"luminousworld:grassvariant_3":2,"minecraft:cobweb":11,"minecraft:terracotta":1,"minecraft:stone_bricks":2,"minecraft:chipped_anvil":1,"minecraft:deepslate":29},"minecraft:dropped":{"minecraft:wheat_seeds":1,"minecraft:granite":8,"born_in_chaos_v1:gnawed_bones":1,"minecraft:wooden_sword":1,"minecraft:tube_coral":1,"minecraft:sugar":2,"minecraft:stone_axe":1,"minecraft:kelp":2,"alexsmobs:animal_dictionary":1,"undead_revamp2:arapholia":2,"minecraft:rotten_flesh":1,"minecraft:poppy":1,"luminousworld:groundpebbles_1":1,"born_in_chaos_v1:corpse_maggot":1,"minecraft:beef":3,"minecraft:stone_pickaxe":1,"minecraft:wooden_pickaxe":1,"iceandfire:manuscript":3,"minecraft:terracotta":1},"minecraft:custom":{"minecraft:mob_kills":36,"minecraft:interact_with_crafting_table":18,"minecraft:open_barrel":6,"minecraft:time_since_death":17645,"minecraft:climb_one_cm":698,"minecraft:sprint_one_cm":238634,"minecraft:walk_one_cm":259383,"minecraft:drop":22,"minecraft:play_time":66967,"minecraft:sneak_time":3586,"minecraft:deaths":10,"minecraft:walk_under_water_one_cm":4028,"minecraft:interact_with_brewingstand":1,"minecraft:jump":1143,"minecraft:walk_on_water_one_cm":4357,"minecraft:total_world_time":66967,"minecraft:interact_with_furnace":4,"minecraft:sleep_in_bed":2,"minecraft:time_since_rest":17248,"minecraft:damage_taken":4323,"minecraft:trigger_trapped_chest":3,"minecraft:damage_dealt":6413,"minecraft:swim_one_cm":9894,"minecraft:fly_one_cm":262330,"minecraft:open_chest":6,"minecraft:crouch_one_cm":8765,"tombstone:undead_killed":14,"minecraft:fall_one_cm":21467},"minecraft:crafted":{"minecraft:wooden_sword":1,"minecraft:oak_planks":24,"minecraft:furnace":1,"minecraft:stone_pickaxe":3,"minecraft:wheat":54,"sophisticatedbackpacks:backpack":1,"minecraft:crafting_table":2,"minecraft:wooden_pickaxe":1,"minecraft:stone_axe":2,"minecraft:bread":18,"minecraft:air":0,"minecraft:stick":44,"quark:oak_chest":1,"minecraft:iron_pickaxe":1,"minecraft:iron_ingot":3,"minecraft:white_bed":1,"minecraft:torch":68},"minecraft:killed":{"born_in_chaos_v1:maggot":2,"mowziesmobs:ferrous_wroughtnaut":1,"minecraft:drowned":1,"earthmobsmod:albino_cow":4,"born_in_chaos_v1:barrel_zombie":1,"minecraft:sheep":4,"enemyexpansion:meature":1,"minecraft:zombie":8,"iceandfire:ghost":3,"born_in_chaos_v1:corpse_fly":1,"alexsmobs:fly":1,"minecraft:cow":4},"minecraft:killed_by":{"mowziesmobs:ferrous_wroughtnaut":5,"minecraft:zombie":1,"iceandfire:ghost":3,"born_in_chaos_v1:maggot":1}},"DataVersion":3465}