{"stats":{"minecraft:broken":{"minecraft:leather_chestplate":1,"minecraft:stone_pickaxe":2},"minecraft:picked_up":{"quark:crimson_chest":1,"luminousworld:groundpebbles_1":1,"minecraft:crafting_table":5,"minecraft:azure_bluet":2,"minecraft:chainmail_boots":1,"minecraft:flower_pot":1,"minecraft:infested_cobblestone":14,"minecraft:wither_rose":1,"minecraft:potion":2,"minecraft:golden_shovel":1,"quark:dark_oak_chest":1,"minecraft:brewing_stand":1,"iceandfire:manuscript":3,"minecraft:string":14,"minecraft:raw_copper":28,"born_in_chaos_v1:intoxicating_decoction":1,"minecraft:iron_shovel":1,"minecraft:pufferfish":1,"minecraft:zombie_head":1,"minecraft:candle":2,"minecraft:gold_nugget":18,"minecraft:cobbled_deepslate":86,"minecraft:bucket":1,"earthmobsmod:duck_egg":1,"minecraft:beef":22,"born_in_chaos_v1:gnawed_bones":4,"minecraft:wooden_shovel":1,"minecraft:poppy":1,"ecologics:crab_claw":1,"minecraft:furnace":1,"minecraft:raw_iron":65,"ecologics:coconut_slice":20,"minecraft:torch":20,"minecraft:green_bed":1,"tombstone:grave_dust":5,"minecraft:diorite":10,"minecraft:redstone":40,"minecraft:arrow":6,"minecraft:tube_coral":1,"minecraft:rotten_flesh":26,"minecraft:hay_block":6,"born_in_chaos_v1:spiny_shell":1,"minecraft:bone_block":10,"supplementaries:ash":2,"minecraft:cobblestone":167,"minecraft:mutton":5,"minecraft:white_wool":6,"minecraft:iron_bars":2,"minecraft:cod":26,"minecraft:skeleton_skull":4,"minecraft:rail":5,"born_in_chaos_v1:corpse_maggot":3,"minecraft:leather_chestplate":1,"minecraft:glow_ink_sac":2,"minecraft:andesite":19,"minecraft:leather":6,"minecraft:potato":1,"minecraft:flint":1,"minecraft:tuff":2,"minecraft:oak_log":6,"supplementaries:flax_seeds":2,"minecraft:gunpowder":4,"minecraft:cobblestone_stairs":1,"mowziesmobs:wrought_axe":1,"minecraft:lapis_lazuli":6,"minecraft:dirt":20,"quark:forgotten_hat":1,"minecraft:bone":10,"minecraft:chipped_anvil":1,"minecraft:apple":1,"minecraft:stone_bricks":2,"minecraft:kelp":2,"minecraft:wheat_seeds":1,"minecraft:raw_gold":30,"minecraft:iron_ingot":1,"minecraft:cobweb":4,"minecraft:fletching_table":1,"minecraft:mossy_stone_bricks":1,"minecraft:diamond_helmet":1,"minecraft:oak_planks":26,"minecraft:dandelion":1,"minecraft:gravel":3,"mowziesmobs:wrought_helmet":1,"minecraft:spider_eye":1,"minecraft:blast_furnace":4,"minecraft:white_bed":3,"minecraft:dead_bush":1,"naturalist:duck_egg":2,"alexsmobs:animal_dictionary":1,"minecraft:bundle":1,"minecraft:chainmail_leggings":1,"minecraft:granite":27,"minecraft:bread":8,"minecraft:emerald":5,"minecraft:gray_wool":1,"minecraft:chainmail_helmet":2,"minecraft:terracotta":1,"minecraft:coal":90,"iceandfire:raw_silver":6},"minecraft:used":{"minecraft:iron_bars":2,"minecraft:torch":101,"iceandfire:copper_sword":43,"minecraft:tuff":2,"minecraft:granite":19,"born_in_chaos_v1:corpse_maggot":1,"born_in_chaos_v1:gnawed_bones":2,"minecraft:stone_bricks":2,"supplementaries:ash":1,"minecraft:cooked_cod":8,"minecraft:furnace":1,"minecraft:infested_cobblestone":14,"tombstone:gift":5,"minecraft:cooked_beef":7,"minecraft:cobbled_deepslate":76,"minecraft:mossy_stone_bricks":1,"born_in_chaos_v1:mint_ice_cream":2,"minecraft:water_bucket":3,"minecraft:diorite":10,"minecraft:cobblestone_stairs":1,"minecraft:stone_pickaxe":344,"minecraft:wooden_pickaxe":3,"minecraft:chainmail_helmet":1,"minecraft:green_bed":1,"minecraft:salmon":16,"minecraft:rail":5,"minecraft:crafting_table":6,"minecraft:blast_furnace":2,"minecraft:white_bed":4,"minecraft:cod":18,"mowziesmobs:wrought_axe":133,"earthmobsmod:duck_egg":1,"minecraft:bread":22,"minecraft:iron_pickaxe":182,"minecraft:gravel":3,"minecraft:stone_axe":122,"ecologics:coconut_slice":24,"minecraft:wooden_sword":21,"minecraft:cobblestone":48,"minecraft:bucket":2,"alexsmobs:animal_dictionary":1},"minecraft:mined":{"minecraft:tuff":4,"minecraft:white_bed":3,"iceandfire:silver_ore":6,"luminousworld:grassvariant_4":1,"minecraft:cobblestone_stairs":1,"minecraft:brewing_stand":1,"minecraft:potted_dead_bush":1,"minecraft:granite":24,"minecraft:grass_block":5,"luminousworld:grassvariant_2":3,"born_in_chaos_v1:gnawed_bones":3,"minecraft:large_fern":1,"minecraft:hay_block":6,"minecraft:redstone_ore":2,"minecraft:furnace":1,"minecraft:iron_ore":23,"minecraft:cobbled_deepslate":2,"minecraft:fire":8,"minecraft:andesite":19,"minecraft:deepslate_lapis_ore":1,"minecraft:fletching_table":1,"placeablesmod:empty_bucket_block":1,"minecraft:deepslate_iron_ore":43,"minecraft:vine":4,"minecraft:iron_bars":2,"minecraft:stone":98,"minecraft:green_bed":1,"minecraft:deepslate_redstone_ore":8,"quark:dark_oak_chest":1,"minecraft:crafting_table":5,"minecraft:torch":6,"minecraft:blast_furnace":4,"minecraft:poppy":1,"minecraft:copper_ore":3,"minecraft:cobblestone":69,"minecraft:deepslate_gold_ore":28,"minecraft:oak_planks":15,"minecraft:diorite":10,"minecraft:wall_torch":11,"supplementaries:urn":9,"minecraft:skeleton_skull":3,"minecraft:wither_rose":1,"minecraft:grass":12,"minecraft:coal_ore":67,"minecraft:oak_log":6,"minecraft:dirt":5,"minecraft:gravel":3,"luminousworld:grassvariant_3":2,"minecraft:cobweb":11,"minecraft:terracotta":1,"quark:crimson_chest":1,"minecraft:stone_bricks":2,"minecraft:chipped_anvil":1,"minecraft:deepslate":78},"minecraft:dropped":{"minecraft:wheat_seeds":1,"minecraft:granite":8,"born_in_chaos_v1:gnawed_bones":1,"minecraft:wooden_sword":1,"minecraft:tube_coral":1,"minecraft:sugar":2,"minecraft:stone_axe":1,"minecraft:kelp":2,"alexsmobs:animal_dictionary":1,"undead_revamp2:arapholia":2,"minecraft:rotten_flesh":17,"minecraft:poppy":1,"luminousworld:groundpebbles_1":1,"born_in_chaos_v1:corpse_maggot":1,"minecraft:beef":3,"minecraft:stone_pickaxe":1,"minecraft:wooden_pickaxe":1,"minecraft:raw_gold":2,"iceandfire:manuscript":3,"minecraft:terracotta":1},"minecraft:custom":{"minecraft:mob_kills":62,"minecraft:interact_with_crafting_table":22,"minecraft:open_barrel":17,"minecraft:time_since_death":5533,"minecraft:climb_one_cm":830,"minecraft:sprint_one_cm":306021,"minecraft:walk_one_cm":366954,"minecraft:drop":40,"minecraft:play_time":102967,"minecraft:sneak_time":5969,"minecraft:deaths":15,"minecraft:walk_under_water_one_cm":6553,"minecraft:interact_with_brewingstand":1,"minecraft:jump":1795,"minecraft:interact_with_blast_furnace":22,"minecraft:walk_on_water_one_cm":25799,"minecraft:total_world_time":102967,"minecraft:interact_with_furnace":21,"minecraft:sleep_in_bed":2,"minecraft:time_since_rest":5383,"minecraft:damage_taken":6978,"minecraft:trigger_trapped_chest":3,"minecraft:damage_dealt":10799,"minecraft:swim_one_cm":10982,"minecraft:fly_one_cm":319852,"minecraft:open_chest":13,"minecraft:crouch_one_cm":14617,"tombstone:undead_killed":22,"minecraft:fall_one_cm":37822},"minecraft:crafted":{"minecraft:wooden_sword":1,"minecraft:oak_planks":24,"minecraft:furnace":1,"minecraft:cooked_mutton":5,"minecraft:stone_pickaxe":3,"sophisticatedbackpacks:iron_backpack":1,"minecraft:wheat":54,"minecraft:cooked_beef":19,"minecraft:cooked_cod":8,"sophisticatedbackpacks:backpack":1,"minecraft:crafting_table":2,"minecraft:wooden_pickaxe":1,"minecraft:copper_ingot":10,"sophisticatedbackpacks:gold_backpack":1,"minecraft:stone_axe":2,"minecraft:bread":20,"minecraft:air":0,"minecraft:stick":44,"quark:oak_chest":1,"minecraft:iron_pickaxe":1,"minecraft:iron_ingot":71,"minecraft:gold_ingot":30,"minecraft:white_bed":1,"minecraft:torch":112},"minecraft:killed":{"minecraft:cave_spider":2,"enemyexpansion:direwolf":1,"quark:forgotten":1,"born_in_chaos_v1:maggot":3,"mowziesmobs:ferrous_wroughtnaut":1,"enemyexpansion:silverqueen":1,"minecraft:silverfish":6,"minecraft:drowned":1,"earthmobsmod:albino_cow":4,"born_in_chaos_v1:barrel_zombie":1,"enemyexpansion:sprinter":1,"minecraft:sheep":4,"enemyexpansion:meature":1,"minecraft:zombie":14,"iceandfire:ghost":3,"enemyexpansion:botfly":5,"born_in_chaos_v1:corpse_fly":1,"alexsmobs:fly":1,"minecraft:cow":4},"minecraft:killed_by":{"quark:forgotten":1,"mowziesmobs:ferrous_wroughtnaut":5,"enemyexpansion:botfly":1,"minecraft:zombie":1,"iceandfire:ghost":3,"born_in_chaos_v1:maggot":1}},"DataVersion":3465}