{"stats":{"minecraft:dropped":{"minecraft:lapis_lazuli":8,"luminousworld:yellowpetunias":1,"minecraft:glow_ink_sac":3,"minecraft:crafting_table":1,"minecraft:leather":2,"minecraft:cracked_stone_bricks":4,"minecraft:rail":4,"minecraft:emerald":1,"minecraft:wooden_sword":1,"minecraft:tube_coral":1,"minecraft:sugar":2,"minecraft:gold_ingot":40,"minecraft:bone":2,"minecraft:gravel":1,"minecraft:stone_axe":1,"minecraft:iron_nugget":5,"alexsmobs:animal_dictionary":1,"undead_revamp2:arapholia":2,"minecraft:beetroot":1,"minecraft:rotten_flesh":22,"quark:crimson_chest":1,"minecraft:chainmail_chestplate":2,"minecraft:poppy":1,"supplementaries:ash":11,"minecraft:beetroot_seeds":28,"born_in_chaos_v1:corpse_maggot":1,"ecologics:coconut_husk":10,"minecraft:chainmail_boots":1,"minecraft:iron_bars":4,"minecraft:arrow":1,"minecraft:beef":3,"iceandfire:manuscript":3,"minecraft:water_bucket":1,"minecraft:iron_ingot":82,"luminousworld:sunset_petunias":3,"minecraft:wheat_seeds":4,"luminousworld:ishstone":12,"minecraft:feather":2,"minecraft:granite":8,"minecraft:chainmail_helmet":1,"minecraft:stick":7,"minecraft:magenta_bed":3,"born_in_chaos_v1:gnawed_bones":1,"minecraft:diorite":18,"luminousworld:auburn_sapling":1,"minecraft:iron_leggings":1,"minecraft:kelp":2,"born_in_chaos_v1:rotten_fish":1,"minecraft:stripped_oak_log":19,"minecraft:bundle":1,"minecraft:andesite":11,"luminousworld:groundpebbles_1":1,"minecraft:oak_sapling":2,"minecraft:spider_eye":1,"minecraft:stone_pickaxe":1,"minecraft:wooden_pickaxe":1,"minecraft:raw_gold":2,"minecraft:terracotta":1},"minecraft:custom":{"minecraft:interact_with_crafting_table":51,"minecraft:open_barrel":25,"minecraft:leave_game":3,"minecraft:time_since_death":19006,"minecraft:sprint_one_cm":908592,"minecraft:damage_blocked_by_shield":75,"minecraft:drop":117,"minecraft:play_noteblock":9,"minecraft:talked_to_villager":6,"minecraft:play_time":357739,"minecraft:deaths":28,"minecraft:interact_with_brewingstand":1,"minecraft:jump":5685,"minecraft:walk_on_water_one_cm":40562,"minecraft:interact_with_furnace":21,"minecraft:sleep_in_bed":21,"minecraft:damage_dealt":27956,"minecraft:player_kills":1,"minecraft:crouch_one_cm":41622,"tombstone:undead_killed":36,"minecraft:interact_with_anvil":2,"minecraft:mob_kills":139,"minecraft:damage_dealt_resisted":172,"minecraft:climb_one_cm":34037,"minecraft:walk_one_cm":1024985,"minecraft:damage_dealt_absorbed":137,"minecraft:sneak_time":15891,"minecraft:walk_under_water_one_cm":22789,"minecraft:interact_with_blast_furnace":40,"minecraft:total_world_time":357739,"tombstone:raider_killed":10,"minecraft:time_since_rest":9554,"minecraft:damage_taken":13166,"minecraft:trigger_trapped_chest":3,"minecraft:swim_one_cm":55757,"minecraft:fly_one_cm":1193383,"minecraft:open_chest":36,"minecraft:fall_one_cm":304155},"minecraft:killed":{"earthmobsmod:duck":3,"minecraft:cave_spider":8,"minecraft:spider":3,"quark:forgotten":1,"minecraft:skeleton":2,"illagerinvasion:provoker":1,"minecraft:silverfish":6,"born_in_chaos_v1:supreme_bonescaller_stage_2":1,"born_in_chaos_v1:firelight_not_despawn":3,"artifacts:mimic":3,"minecraft:pig":1,"born_in_chaos_v1:diamond_termite":6,"minecraft:creeper":1,"luminousworld:crab":1,"minecraft:sheep":5,"minecraft:pillager":9,"enemyexpansion:meature":1,"minecraft:zombie":15,"enemyexpansion:vampire":1,"born_in_chaos_v1:corpse_fly":1,"enemyexpansion:botfly":6,"alexsmobs:fly":1,"minecraft:cow":7,"alexsmobs:raccoon":1,"born_in_chaos_v1:thornshell_crab":1,"enemyexpansion:direwolf":3,"naturalist:duck":3,"born_in_chaos_v1:maggot":3,"mowziesmobs:ferrous_wroughtnaut":1,"enemyexpansion:silverqueen":1,"earthmobsmod:fancy_chicken":4,"minecraft:drowned":3,"earthmobsmod:albino_cow":6,"born_in_chaos_v1:barrel_zombie":1,"born_in_chaos_v1:bone_imp_minion":4,"undead_revamp2:the_moonflower":1,"enemyexpansion:sprinter":1,"born_in_chaos_v1:decrepit_skeleton":1,"iceandfire:ghost":3,"enemyexpansion:slugger":1},"minecraft:used":{"minecraft:beetroot":11,"minecraft:iron_shovel":62,"minecraft:shield":3,"minecraft:iron_sword":106,"minecraft:iron_chestplate":1,"minecraft:mutton":1,"minecraft:carrot":2,"minecraft:tuff":2,"born_in_chaos_v1:corpse_maggot":1,"minecraft:lava_bucket":1,"minecraft:lantern":1,"minecraft:birch_sapling":2,"born_in_chaos_v1:gnawed_bones":2,"minecraft:stone_bricks":2,"minecraft:cooked_cod":8,"supplementaries:ash":1,"minecraft:oak_sapling":9,"minecraft:furnace":1,"minecraft:gray_bed":1,"minecraft:egg":1,"luminousworld:autumnplank":42,"minecraft:mossy_stone_bricks":4,"minecraft:diorite":10,"minecraft:stone_pickaxe":344,"minecraft:wooden_pickaxe":3,"minecraft:chainmail_helmet":1,"minecraft:white_wool":2,"minecraft:sand":1,"minecraft:blast_furnace":8,"minecraft:black_bed":1,"earthmobsmod:duck_egg":1,"minecraft:bread":27,"minecraft:gravel":6,"ecologics:coconut_slice":40,"minecraft:wooden_sword":21,"luminousworld:purple_petunias":1,"minecraft:andesite":22,"minecraft:oak_boat":1,"minecraft:oak_fence":3,"minecraft:iron_bars":2,"minecraft:wooden_shovel":35,"minecraft:torch":264,"minecraft:dirt":93,"minecraft:white_carpet":8,"iceandfire:copper_sword":280,"minecraft:spruce_stairs":2,"minecraft:granite":19,"minecraft:chipped_anvil":1,"minecraft:iron_boots":1,"luminousworld:auburn_door":3,"tombstone:gift":7,"minecraft:infested_cobblestone":14,"minecraft:cooked_beef":19,"minecraft:cobbled_deepslate":128,"minecraft:iron_leggings":2,"sophisticatedbackpacks:gold_backpack":2,"minecraft:cooked_mutton":5,"born_in_chaos_v1:mint_ice_cream":2,"minecraft:water_bucket":6,"minecraft:cobblestone_stairs":1,"minecraft:baked_potato":40,"ecologics:walnut_sapling":4,"minecraft:green_bed":1,"minecraft:salmon":16,"minecraft:rail":5,"minecraft:crafting_table":19,"minecraft:red_bed":4,"minecraft:magenta_bed":13,"minecraft:white_bed":14,"minecraft:cod":18,"mowziesmobs:wrought_axe":1014,"minecraft:iron_pickaxe":1295,"ecologics:walnut_boat":1,"minecraft:stone_axe":122,"luminousworld:sunset_petunias":1,"minecraft:chiseled_stone_bricks":1,"minecraft:cobblestone":781,"minecraft:bucket":5,"minecraft:dandelion":1,"alexsmobs:animal_dictionary":1,"minecraft:chainmail_leggings":2},"minecraft:crafted":{"minecraft:oak_planks":104,"ecologics:walnut_planks":16,"minecraft:cooked_mutton":5,"minecraft:iron_boots":1,"sophisticatedbackpacks:backpack":2,"minecraft:crafting_table":6,"minecraft:wooden_pickaxe":1,"minecraft:copper_ingot":10,"iceandfire:copper_sword":1,"minecraft:iron_chestplate":1,"minecraft:shield":2,"minecraft:stick":80,"quark:oak_chest":1,"minecraft:iron_pickaxe":4,"minecraft:iron_ingot":141,"minecraft:gold_ingot":30,"minecraft:wooden_sword":1,"minecraft:furnace":1,"minecraft:stone_pickaxe":3,"minecraft:wheat":54,"sophisticatedbackpacks:iron_backpack":2,"minecraft:cooked_beef":19,"minecraft:cooked_cod":8,"luminousworld:autumnplank":56,"luminousworld:auburn_door":3,"sophisticatedbackpacks:gold_backpack":2,"minecraft:stone_axe":2,"minecraft:bread":20,"minecraft:air":0,"minecraft:oak_boat":1,"minecraft:white_wool":2,"minecraft:iron_leggings":1,"minecraft:white_bed":3,"ecologics:walnut_boat":1,"minecraft:torch":232},"minecraft:killed_by":{"iceandfire:cyclops":4,"minecraft:pillager":1,"quark:forgotten":1,"born_in_chaos_v1:bone_imp_minion":2,"undead_revamp2:clogger":1,"artifacts:mimic":1,"minecraft:zombie":1,"born_in_chaos_v1:supreme_bonescaller_stage_2":1,"mowziesmobs:ferrous_wroughtnaut":5,"enemyexpansion:botfly":1,"iceandfire:ghost":3,"born_in_chaos_v1:maggot":1},"minecraft:mined":{"minecraft:white_bed":12,"luminousworld:yellowpetunias":1,"luminousworld:autumnleaves":1,"iceandfire:copper_pile":6,"minecraft:cobblestone_stairs":1,"sophisticatedbackpacks:gold_backpack":2,"minecraft:brewing_stand":1,"minecraft:potted_dead_bush":1,"minecraft:granite":26,"minecraft:grass_block":51,"iceandfire:lectern":1,"minecraft:oxeye_daisy":1,"minecraft:chiseled_stone_bricks":1,"minecraft:spawner":2,"minecraft:iron_ore":67,"minecraft:cobbled_deepslate":10,"minecraft:fire":15,"minecraft:fletching_table":1,"minecraft:deepslate_lapis_ore":9,"placeablesmod:empty_bucket_block":1,"iceandfire:gold_pile":28,"minecraft:iron_bars":6,"ecologics:walnut_log":4,"minecraft:green_bed":1,"minecraft:deepslate_redstone_ore":13,"minecraft:red_bed":4,"luminousworld:purple_petunias":1,"minecraft:note_block":4,"minecraft:torch":12,"minecraft:blast_furnace":8,"minecraft:poppy":1,"minecraft:cobblestone":161,"minecraft:oak_planks":32,"minecraft:damaged_anvil":1,"minecraft:wall_torch":29,"minecraft:deepslate_copper_ore":4,"minecraft:skeleton_skull":3,"minecraft:powered_rail":3,"minecraft:birch_log":59,"minecraft:magenta_bed":13,"minecraft:black_bed":2,"minecraft:wither_rose":1,"minecraft:grass":54,"minecraft:oak_log":261,"minecraft:sand":1,"minecraft:dirt":43,"luminousworld:grassvariant_3":8,"minecraft:oak_leaves":151,"minecraft:deepslate":143,"luminousworld:groundpebbles_1":2,"minecraft:tuff":4,"iceandfire:silver_ore":13,"luminousworld:grassvariant_4":7,"born_in_chaos_v1:infected_diamond_ore":6,"born_in_chaos_v1:black_argillite":1,"luminousworld:grassvariant_2":18,"luminousworld:whiteoakleaves":2,"born_in_chaos_v1:gnawed_bones":3,"luminousworld:groundpebbles_3":3,"minecraft:large_fern":1,"minecraft:hay_block":9,"luminousworld:sunset_petunias":4,"minecraft:redstone_ore":6,"minecraft:furnace":3,"minecraft:andesite":33,"minecraft:bookshelf":20,"minecraft:deepslate_iron_ore":68,"minecraft:vine":28,"minecraft:rail":29,"minecraft:stripped_oak_log":38,"luminousworld:groundpebbles_2":2,"minecraft:stone":644,"iceandfire:podium_spruce":1,"minecraft:white_wool":4,"minecraft:scaffolding":9,"quark:dark_oak_chest":1,"minecraft:brown_carpet":1,"minecraft:dandelion":2,"minecraft:crafting_table":15,"ecologics:walnut_leaves":1,"minecraft:lectern":1,"luminousworld:auburnlog":14,"minecraft:tall_grass":5,"minecraft:copper_ore":9,"minecraft:lapis_ore":1,"minecraft:deepslate_gold_ore":36,"minecraft:diorite":28,"supplementaries:urn":31,"luminousworld:whiteoaklog":10,"minecraft:spruce_stairs":2,"minecraft:white_carpet":9,"minecraft:gray_bed":1,"minecraft:birch_leaves":9,"minecraft:coal_ore":164,"iceandfire:silver_pile":9,"luminousworld:ishstone":6,"minecraft:gravel":8,"minecraft:cobweb":108,"minecraft:cracked_stone_bricks":4,"minecraft:terracotta":1,"quark:crimson_chest":1,"minecraft:stone_bricks":2,"minecraft:mossy_stone_bricks":2,"minecraft:chipped_anvil":2,"minecraft:gold_ore":7},"minecraft:picked_up":{"minecraft:wheat":1,"illagerinvasion:platinum_chunk":8,"minecraft:chainmail_boots":2,"minecraft:flower_pot":1,"artifacts:bunny_hoppers":1,"minecraft:potion":2,"minecraft:wither_rose":1,"earthmobsmod:fancy_egg":2,"minecraft:enchanted_book":2,"minecraft:golden_shovel":1,"minecraft:brewing_stand":1,"iceandfire:manuscript":3,"minecraft:string":114,"minecraft:raw_copper":64,"minecraft:pufferfish":1,"minecraft:zombie_head":1,"minecraft:cobbled_deepslate":160,"minecraft:tnt_minecart":1,"minecraft:gold_nugget":270,"earthmobsmod:duck_egg":3,"minecraft:bucket":1,"minecraft:wooden_shovel":1,"minecraft:furnace":3,"ecologics:crab_claw":1,"minecraft:iron_boots":2,"minecraft:stick":56,"luminousworld:auburnlog":14,"ecologics:walnut_log":4,"minecraft:oak_fence":3,"minecraft:spruce_stairs":2,"minecraft:torch":47,"minecraft:green_bed":1,"minecraft:porkchop":1,"tombstone:grave_dust":5,"minecraft:diorite":28,"minecraft:rotten_flesh":33,"supplementaries:antique_ink":1,"supplementaries:ash":36,"minecraft:cod":26,"minecraft:iron_bars":6,"minecraft:cobblestone":879,"minecraft:birch_log":59,"ecologics:walnut":6,"minecraft:leather_chestplate":1,"minecraft:feather":2,"minecraft:andesite":33,"minecraft:black_bed":2,"minecraft:potato":1,"minecraft:flint":2,"minecraft:tuff":2,"luminousworld:purple_petunias":1,"supplementaries:flax_seeds":11,"minecraft:magenta_bed":16,"minecraft:lapis_lazuli":68,"minecraft:dirt":103,"minecraft:lantern":1,"minecraft:bone":24,"minecraft:chipped_anvil":2,"minecraft:wheat_seeds":6,"minecraft:raw_gold":45,"minecraft:diamond_helmet":1,"minecraft:mossy_stone_bricks":4,"minecraft:fletching_table":1,"minecraft:powered_rail":3,"minecraft:oak_planks":57,"iceandfire:podium_spruce":1,"minecraft:sand":1,"minecraft:dead_bush":1,"alexsmobs:animal_dictionary":1,"naturalist:duck_egg":3,"minecraft:bundle":2,"born_in_chaos_v1:fire_dust":2,"iceandfire:lectern":1,"luminousworld:yellowpetunias":1,"minecraft:crossbow":1,"minecraft:granite":27,"luminousworld:auburn_sapling":1,"minecraft:emerald":10,"minecraft:chainmail_helmet":2,"minecraft:bread":8,"minecraft:oak_sapling":55,"born_in_chaos_v1:rotten_fish":2,"iceandfire:silver_nugget":30,"iceandfire:raw_silver":13,"quark:crimson_chest":2,"sophisticatedbackpacks:gold_backpack":2,"luminousworld:groundpebbles_1":7,"minecraft:crafting_table":16,"born_in_chaos_v1:diamond_termite_shard":5,"minecraft:azure_bluet":2,"minecraft:chicken":7,"born_in_chaos_v1:river_mint":1,"born_in_chaos_v1:seedof_chaos":3,"minecraft:infested_cobblestone":14,"quark:dark_oak_chest":1,"minecraft:red_bed":4,"artifacts:feral_claws":1,"born_in_chaos_v1:intoxicating_decoction":1,"minecraft:white_carpet":8,"minecraft:iron_shovel":2,"ecologics:walnut_sapling":4,"minecraft:cracked_stone_bricks":4,"minecraft:candle":2,"minecraft:beef":32,"minecraft:oak_boat":1,"born_in_chaos_v1:gnawed_bones":4,"minecraft:poppy":1,"minecraft:iron_nugget":39,"minecraft:lectern":1,"minecraft:birch_sapling":9,"minecraft:egg":2,"minecraft:raw_iron":181,"naturalist:duck":3,"ecologics:coconut_slice":36,"artifacts:charm_of_sinking":1,"minecraft:note_block":4,"born_in_chaos_v1:pieceofdarkmetal":1,"minecraft:redstone":81,"minecraft:tube_coral":1,"minecraft:arrow":8,"minecraft:beetroot_seeds":21,"minecraft:hay_block":9,"born_in_chaos_v1:spiny_shell":4,"minecraft:gold_ingot":40,"minecraft:mutton":6,"minecraft:rail":41,"minecraft:bone_block":10,"minecraft:skeleton_skull":4,"minecraft:white_wool":11,"minecraft:stripped_oak_log":38,"born_in_chaos_v1:corpse_maggot":3,"minecraft:glow_ink_sac":5,"luminousworld:ishstone":12,"minecraft:leather":16,"minecraft:oak_log":261,"minecraft:chainmail_chestplate":1,"minecraft:gunpowder":11,"minecraft:cobblestone_stairs":1,"mowziesmobs:wrought_axe":5,"minecraft:white_banner":1,"quark:forgotten_hat":1,"minecraft:apple":15,"minecraft:stone_bricks":2,"minecraft:kelp":2,"earthmobsmod:fancy_feather":3,"minecraft:iron_ingot":28,"minecraft:cobweb":4,"minecraft:gray_bed":1,"minecraft:iron_sword":1,"minecraft:book":60,"iceandfire:copper_nugget":42,"minecraft:chiseled_stone_bricks":1,"born_in_chaos_v1:orbofthe_summoner":1,"minecraft:dandelion":2,"luminousworld:sunset_petunias":4,"minecraft:gravel":7,"mowziesmobs:wrought_helmet":1,"minecraft:blast_furnace":8,"minecraft:white_bed":12,"minecraft:spider_eye":1,"luminousworld:whiteoaklog":10,"minecraft:chainmail_leggings":2,"minecraft:gray_wool":1,"tombstone:magic_scroll":1,"minecraft:baked_potato":57,"minecraft:terracotta":1,"minecraft:damaged_anvil":1,"minecraft:coal":257},"minecraft:broken":{"minecraft:iron_boots":1,"minecraft:stone_pickaxe":2,"minecraft:leather_chestplate":1,"minecraft:iron_pickaxe":5}},"DataVersion":3465}