{"stats":{"minecraft:mined":{"undead_revamp2:arapholia":1,"stalwart_dungeons:spore_vaporizer":8,"minecraft:white_bed":17,"luminousworld:yellowpetunias":1,"iceandfire:copper_pile":6,"luminousworld:autumnleaves":1,"minecraft:cobblestone_stairs":1,"sophisticatedbackpacks:gold_backpack":4,"minecraft:red_nether_bricks":1,"minecraft:brewing_stand":1,"minecraft:spruce_trapdoor":4,"minecraft:potted_dead_bush":1,"minecraft:granite":32,"minecraft:red_sand":18,"minecraft:grass_block":125,"minecraft:cracked_polished_blackstone_bricks":45,"iceandfire:lectern":1,"minecraft:nether_wart":24,"minecraft:oxeye_daisy":1,"minecraft:chiseled_stone_bricks":1,"minecraft:spawner":2,"minecraft:polished_blackstone_bricks":36,"minecraft:weeping_vines_plant":1,"minecraft:iron_ore":67,"minecraft:sticky_piston":10,"minecraft:fire":18,"minecraft:cobbled_deepslate":16,"minecraft:deepslate_lapis_ore":9,"minecraft:fletching_table":1,"minecraft:azure_bluet":1,"minecraft:dark_oak_stairs":1,"placeablesmod:empty_bucket_block":1,"iceandfire:gold_pile":28,"minecraft:oak_stairs":9,"minecraft:iron_bars":11,"ecologics:walnut_log":4,"minecraft:green_bed":1,"minecraft:deepslate_redstone_ore":13,"minecraft:red_bed":4,"minecraft:blackstone":14,"minecraft:twisting_vines_plant":1,"luminousworld:purple_petunias":1,"minecraft:torch":12,"minecraft:note_block":4,"minecraft:blast_furnace":8,"minecraft:poppy":1,"iceandfire:ghost_chest":1,"minecraft:cobblestone":175,"minecraft:sugar_cane":6,"minecraft:oak_planks":75,"minecraft:damaged_anvil":1,"minecraft:wall_torch":29,"minecraft:deepslate_copper_ore":4,"minecraft:skeleton_skull":10,"minecraft:repeater":4,"minecraft:powered_rail":3,"minecraft:birch_log":130,"minecraft:magenta_bed":13,"minecraft:black_bed":2,"minecraft:wither_rose":2,"minecraft:grass":112,"minecraft:oak_log":268,"minecraft:dirt":78,"minecraft:sand":9,"luminousworld:grassvariant_3":24,"minecraft:netherrack":55,"minecraft:deepslate":148,"minecraft:oak_leaves":153,"luminousworld:groundpebbles_1":2,"minecraft:tuff":4,"iceandfire:silver_ore":13,"luminousworld:grassvariant_4":7,"minecraft:candle":1,"born_in_chaos_v1:infected_diamond_ore":7,"minecraft:lever":7,"minecraft:nether_bricks":2,"minecraft:dark_oak_fence":6,"born_in_chaos_v1:black_argillite":5,"minecraft:redstone_wire":38,"luminousworld:grassvariant_2":37,"luminousworld:whiteoakleaves":2,"born_in_chaos_v1:gnawed_bones":3,"luminousworld:groundpebbles_3":3,"minecraft:large_fern":1,"minecraft:hay_block":12,"luminousworld:sunset_petunias":4,"minecraft:redstone_ore":6,"minecraft:oak_trapdoor":1,"luminousworld:yellow_grassflowers":1,"minecraft:furnace":6,"minecraft:carrots":1,"minecraft:raw_gold_block":19,"minecraft:polished_basalt":1,"minecraft:andesite":36,"minecraft:gold_block":5,"minecraft:bookshelf":21,"minecraft:deepslate_iron_ore":68,"minecraft:vine":32,"minecraft:rail":29,"minecraft:stripped_oak_log":38,"luminousworld:groundpebbles_2":2,"minecraft:stone":766,"iceandfire:podium_spruce":1,"minecraft:white_wool":4,"minecraft:smithing_table":2,"minecraft:scaffolding":9,"minecraft:redstone_block":6,"born_in_chaos_v1:marigolds":1,"minecraft:soul_sand":24,"quark:dark_oak_chest":1,"minecraft:brown_carpet":1,"minecraft:basalt":5,"minecraft:stone_brick_slab":2,"minecraft:dandelion":2,"minecraft:crafting_table":19,"ecologics:walnut_leaves":1,"minecraft:lectern":105,"luminousworld:auburnlog":14,"luminousworld:grassflowers":3,"minecraft:copper_ore":11,"minecraft:tall_grass":21,"minecraft:lapis_ore":1,"minecraft:deepslate_gold_ore":36,"minecraft:diorite":57,"minecraft:warped_wart_block":2,"supplementaries:urn":33,"luminousworld:whiteoaklog":10,"minecraft:spruce_stairs":4,"minecraft:birch_planks":13,"minecraft:coarse_dirt":3,"minecraft:polished_blackstone_stairs":5,"minecraft:birch_leaves":9,"minecraft:white_carpet":9,"minecraft:gray_bed":1,"minecraft:coal_ore":164,"iceandfire:silver_pile":9,"luminousworld:ishstone":8,"minecraft:flower_pot":1,"minecraft:gravel":15,"minecraft:cobweb":117,"minecraft:cracked_stone_bricks":12,"minecraft:terracotta":1,"quark:crimson_chest":1,"minecraft:polished_blackstone":4,"minecraft:stone_bricks":9,"minecraft:mossy_stone_bricks":12,"minecraft:gold_ore":7,"minecraft:chipped_anvil":2,"minecraft:fern":1},"minecraft:custom":{"minecraft:animals_bred":7,"minecraft:interact_with_crafting_table":83,"minecraft:open_barrel":42,"minecraft:leave_game":5,"minecraft:time_since_death":1333,"minecraft:sprint_one_cm":1310014,"minecraft:damage_blocked_by_shield":1770,"minecraft:drop":165,"minecraft:play_noteblock":9,"minecraft:talked_to_villager":100,"minecraft:play_time":538607,"minecraft:deaths":47,"minecraft:interact_with_brewingstand":1,"minecraft:jump":8674,"minecraft:walk_on_water_one_cm":40718,"minecraft:interact_with_furnace":67,"minecraft:interact_with_loom":1,"minecraft:sleep_in_bed":30,"minecraft:damage_dealt":42302,"minecraft:player_kills":1,"minecraft:crouch_one_cm":67620,"tombstone:undead_killed":43,"minecraft:interact_with_smoker":5,"minecraft:interact_with_anvil":2,"minecraft:mob_kills":203,"minecraft:damage_dealt_resisted":172,"minecraft:climb_one_cm":38707,"minecraft:walk_one_cm":1554498,"minecraft:damage_dealt_absorbed":137,"minecraft:sneak_time":24671,"minecraft:walk_under_water_one_cm":23550,"minecraft:interact_with_blast_furnace":40,"minecraft:total_world_time":538607,"tombstone:raider_killed":11,"minecraft:time_since_rest":1105,"minecraft:damage_taken":21187,"minecraft:damage_absorbed":40,"minecraft:trigger_trapped_chest":7,"minecraft:swim_one_cm":56905,"minecraft:fly_one_cm":1984765,"minecraft:open_chest":75,"minecraft:fall_one_cm":510912},"minecraft:broken":{"minecraft:iron_boots":1,"minecraft:stone_pickaxe":2,"minecraft:leather_chestplate":1,"minecraft:shield":1,"minecraft:iron_pickaxe":6},"minecraft:dropped":{"minecraft:lapis_lazuli":8,"minecraft:cooked_beef":2,"luminousworld:yellowpetunias":1,"minecraft:baked_potato":8,"minecraft:glow_ink_sac":3,"minecraft:crafting_table":1,"minecraft:weeping_vines":1,"minecraft:leather":2,"minecraft:cracked_stone_bricks":12,"minecraft:rail":4,"minecraft:emerald":1,"minecraft:seagrass":1,"minecraft:wooden_sword":1,"minecraft:gold_nugget":1,"minecraft:sugar":2,"minecraft:tube_coral":1,"minecraft:iron_pickaxe":1,"minecraft:gold_ingot":40,"minecraft:bone":2,"minecraft:gravel":1,"minecraft:stone_axe":1,"minecraft:golden_chestplate":1,"minecraft:iron_nugget":5,"alexsmobs:animal_dictionary":1,"undead_revamp2:arapholia":3,"minecraft:beetroot":1,"minecraft:rotten_flesh":23,"quark:crimson_chest":1,"minecraft:azure_bluet":1,"minecraft:chainmail_chestplate":2,"minecraft:poppy":1,"supplementaries:ash":16,"minecraft:beetroot_seeds":28,"born_in_chaos_v1:corpse_maggot":1,"ecologics:coconut_husk":12,"minecraft:chainmail_boots":1,"minecraft:iron_bars":4,"minecraft:arrow":1,"minecraft:beef":3,"iceandfire:manuscript":3,"minecraft:water_bucket":1,"minecraft:iron_ingot":82,"luminousworld:sunset_petunias":3,"minecraft:wheat_seeds":10,"minecraft:golden_helmet":1,"luminousworld:ishstone":12,"minecraft:golden_axe":1,"minecraft:feather":3,"minecraft:apple":6,"minecraft:granite":8,"minecraft:chainmail_helmet":1,"minecraft:stick":7,"minecraft:magenta_bed":3,"born_in_chaos_v1:gnawed_bones":1,"minecraft:diorite":18,"luminousworld:auburn_sapling":1,"minecraft:iron_leggings":1,"minecraft:polished_basalt":2,"minecraft:chainmail_leggings":1,"minecraft:string":2,"minecraft:kelp":2,"born_in_chaos_v1:rotten_fish":1,"minecraft:iron_boots":1,"minecraft:stripped_oak_log":19,"minecraft:bundle":1,"minecraft:iron_chestplate":1,"luminousworld:groundpebbles_1":1,"minecraft:andesite":11,"minecraft:mossy_stone_bricks":10,"minecraft:golden_leggings":2,"minecraft:oak_sapling":2,"minecraft:golden_sword":3,"minecraft:spider_eye":1,"minecraft:stone_bricks":4,"minecraft:red_sand":1,"minecraft:stone_pickaxe":1,"minecraft:wooden_pickaxe":1,"minecraft:raw_gold":2,"minecraft:terracotta":1},"minecraft:crafted":{"minecraft:oak_planks":244,"ecologics:walnut_planks":16,"minecraft:bookshelf":3,"minecraft:cooked_mutton":16,"minecraft:iron_boots":1,"minecraft:oak_slab":24,"sophisticatedbackpacks:backpack":2,"minecraft:crafting_table":10,"minecraft:wooden_pickaxe":1,"minecraft:smithing_table":1,"minecraft:copper_ingot":16,"minecraft:birch_planks":48,"iceandfire:copper_sword":1,"minecraft:lectern":3,"minecraft:iron_chestplate":1,"minecraft:diamond_pickaxe":1,"minecraft:shield":3,"minecraft:stick":84,"quark:oak_chest":5,"minecraft:iron_ingot":141,"minecraft:iron_pickaxe":6,"minecraft:gold_ingot":30,"minecraft:golden_carrot":61,"minecraft:wooden_sword":1,"minecraft:oak_door":3,"minecraft:furnace":1,"minecraft:bone_meal":258,"minecraft:oak_trapdoor":6,"luminousworld:white_oak_plank":40,"minecraft:stone_pickaxe":4,"minecraft:wheat":81,"sophisticatedbackpacks:iron_backpack":2,"minecraft:cooked_beef":32,"minecraft:cooked_cod":8,"luminousworld:autumnplank":56,"minecraft:diamond_sword":1,"luminousworld:auburn_door":3,"minecraft:iron_sword":1,"sophisticatedbackpacks:gold_backpack":2,"minecraft:stone_axe":2,"minecraft:bread":21,"minecraft:air":0,"minecraft:oak_boat":7,"minecraft:white_wool":2,"minecraft:gold_nugget":234,"minecraft:iron_leggings":1,"minecraft:white_bed":3,"ecologics:walnut_boat":1,"minecraft:torch":232,"minecraft:golden_hoe":1},"minecraft:used":{"minecraft:red_sand":7,"minecraft:beetroot":11,"minecraft:polished_blackstone":4,"minecraft:iron_shovel":191,"minecraft:polished_basalt":1,"minecraft:shield":98,"minecraft:iron_sword":193,"minecraft:iron_chestplate":1,"minecraft:mutton":1,"minecraft:carrot":3,"minecraft:tuff":2,"born_in_chaos_v1:corpse_maggot":1,"minecraft:lava_bucket":1,"minecraft:birch_sapling":2,"minecraft:lantern":1,"born_in_chaos_v1:gnawed_bones":2,"minecraft:stone_bricks":5,"minecraft:golden_sword":6,"minecraft:oak_sapling":9,"minecraft:cooked_cod":8,"supplementaries:ash":1,"minecraft:furnace":7,"minecraft:gray_bed":1,"minecraft:egg":1,"minecraft:polished_blackstone_stairs":5,"minecraft:diorite":22,"luminousworld:autumnplank":42,"minecraft:mossy_stone_bricks":4,"minecraft:stone_pickaxe":354,"minecraft:oak_planks":51,"minecraft:blackstone":13,"minecraft:wooden_pickaxe":3,"minecraft:chainmail_helmet":1,"luminousworld:groundpebbles_1":1,"minecraft:sugar_cane":11,"minecraft:golden_apple":1,"minecraft:white_wool":2,"minecraft:golden_hoe":2,"minecraft:sand":1,"minecraft:blast_furnace":8,"minecraft:black_bed":1,"earthmobsmod:duck_egg":2,"minecraft:bread":30,"born_in_chaos_v1:marigolds":1,"minecraft:lectern":107,"minecraft:gravel":6,"minecraft:golden_helmet":1,"ecologics:coconut_slice":42,"minecraft:diamond_sword":135,"minecraft:wooden_sword":21,"luminousworld:purple_petunias":1,"minecraft:dark_oak_fence":2,"minecraft:smithing_table":2,"minecraft:andesite":25,"minecraft:birch_log":51,"minecraft:oak_boat":11,"minecraft:bone_meal":90,"minecraft:oak_fence":3,"endrem:nether_eye":1,"minecraft:oak_trapdoor":7,"minecraft:iron_bars":2,"born_in_chaos_v1:black_argillite":4,"minecraft:wooden_shovel":61,"minecraft:netherrack":21,"minecraft:oak_door":3,"minecraft:torch":271,"minecraft:dirt":161,"minecraft:brewing_stand":1,"minecraft:white_carpet":14,"iceandfire:copper_sword":280,"luminousworld:grassflowers":2,"minecraft:spruce_stairs":2,"minecraft:granite":25,"minecraft:stone_brick_slab":2,"minecraft:chipped_anvil":1,"minecraft:oak_stairs":9,"minecraft:iron_boots":1,"minecraft:basalt":4,"minecraft:golden_carrot":21,"luminousworld:auburn_door":3,"tombstone:gift":7,"minecraft:infested_cobblestone":14,"minecraft:golden_axe":6,"minecraft:cooked_beef":26,"sophisticatedbackpacks:gold_backpack":4,"minecraft:cobbled_deepslate":134,"minecraft:iron_leggings":2,"minecraft:cooked_mutton":7,"born_in_chaos_v1:mint_ice_cream":2,"minecraft:water_bucket":24,"minecraft:cobblestone_stairs":1,"minecraft:birch_planks":57,"minecraft:baked_potato":46,"ecologics:walnut_sapling":4,"luminousworld:yellow_grassflowers":1,"minecraft:green_bed":1,"minecraft:polished_blackstone_bricks":32,"minecraft:salmon":16,"minecraft:rail":5,"minecraft:crafting_table":28,"minecraft:red_bed":4,"supplementaries:bomb":2,"minecraft:magenta_bed":13,"minecraft:white_bed":20,"minecraft:cod":19,"minecraft:painting":3,"mowziesmobs:wrought_axe":1423,"minecraft:oak_log":2,"minecraft:diamond_pickaxe":133,"minecraft:apple":3,"minecraft:cracked_polished_blackstone_bricks":42,"minecraft:iron_pickaxe":1674,"ecologics:walnut_boat":1,"minecraft:chiseled_stone_bricks":1,"minecraft:stone_axe":122,"luminousworld:sunset_petunias":1,"minecraft:cobblestone":802,"minecraft:cooked_porkchop":1,"minecraft:bucket":24,"minecraft:dandelion":1,"quark:oak_chest":4,"alexsmobs:animal_dictionary":1,"minecraft:candle":3,"minecraft:chainmail_leggings":2},"minecraft:killed_by":{"minecraft:piglin_brute":1,"iceandfire:cyclops":4,"minecraft:pillager":1,"quark:forgotten":1,"born_in_chaos_v1:bone_imp_minion":2,"undead_revamp2:clogger":1,"minecraft:piglin":1,"artifacts:mimic":1,"minecraft:zombie":1,"born_in_chaos_v1:supreme_bonescaller_stage_2":1,"cataclysm:ignited_revenant":2,"mowziesmobs:ferrous_wroughtnaut":5,"enemyexpansion:botfly":1,"iceandfire:ghost":10,"born_in_chaos_v1:maggot":1},"minecraft:killed":{"earthmobsmod:duck":4,"minecraft:cave_spider":8,"iceandfire:gorgon":1,"minecraft:spider":3,"quark:forgotten":1,"minecraft:skeleton":3,"illagerinvasion:provoker":1,"minecraft:silverfish":6,"born_in_chaos_v1:supreme_bonescaller_stage_2":1,"minecraft:piglin_brute":5,"born_in_chaos_v1:firelight_not_despawn":3,"artifacts:mimic":3,"minecraft:magma_cube":10,"minecraft:piglin":8,"minecraft:pig":1,"born_in_chaos_v1:diamond_termite":6,"stalwart_dungeons:giddy_blaze":12,"minecraft:creeper":1,"luminousworld:crab":1,"minecraft:sheep":10,"minecraft:pillager":10,"enemyexpansion:meature":1,"minecraft:zombie":16,"enemyexpansion:vampire":1,"born_in_chaos_v1:corpse_fly":1,"enemyexpansion:botfly":6,"alexsmobs:fly":1,"minecraft:cow":11,"alexsmobs:raccoon":1,"alexsmobs:seagull":2,"born_in_chaos_v1:thornshell_crab":1,"enemyexpansion:direwolf":3,"naturalist:duck":3,"born_in_chaos_v1:maggot":3,"mowziesmobs:ferrous_wroughtnaut":1,"enemyexpansion:silverqueen":1,"earthmobsmod:fancy_chicken":4,"born_in_chaos_v1:corpse_fish":4,"alexsmobs:bison":1,"minecraft:drowned":3,"earthmobsmod:albino_cow":6,"born_in_chaos_v1:barrel_zombie":1,"born_in_chaos_v1:bone_imp_minion":4,"undead_revamp2:the_moonflower":1,"enemyexpansion:sprinter":1,"earthmobsmod:cream_cow":1,"born_in_chaos_v1:decrepit_skeleton":1,"iceandfire:ghost":6,"minecraft:wither_skeleton":1,"enemyexpansion:slugger":1},"minecraft:picked_up":{"minecraft:seagrass":1,"minecraft:iron_chestplate":1,"minecraft:wheat":1,"minecraft:redstone_block":6,"minecraft:chainmail_boots":2,"illagerinvasion:platinum_chunk":8,"minecraft:flower_pot":2,"minecraft:prismarine_shard":2,"artifacts:bunny_hoppers":1,"minecraft:smithing_table":2,"earthmobsmod:fancy_egg":2,"minecraft:enchanted_book":2,"minecraft:oak_stairs":9,"minecraft:wither_rose":2,"minecraft:potion":2,"minecraft:golden_shovel":1,"minecraft:nether_brick":19,"minecraft:brewing_stand":1,"minecraft:golden_sword":3,"born_in_chaos_v1:black_argillite":4,"iceandfire:manuscript":3,"minecraft:string":122,"minecraft:raw_copper":74,"minecraft:red_nether_bricks":1,"minecraft:sticky_piston":10,"minecraft:pufferfish":1,"minecraft:zombie_head":1,"minecraft:beetroot":1,"minecraft:red_sand":17,"minecraft:diamond_leggings":1,"minecraft:tnt_minecart":1,"minecraft:gold_nugget":274,"minecraft:cobbled_deepslate":166,"earthmobsmod:duck_egg":5,"minecraft:bucket":1,"minecraft:iron_pickaxe":1,"minecraft:wooden_shovel":1,"ecologics:crab_claw":1,"minecraft:iron_boots":3,"minecraft:furnace":6,"minecraft:stick":111,"iceandfire:ghost_chest":1,"luminousworld:auburnlog":14,"minecraft:polished_blackstone_stairs":5,"ecologics:walnut_log":4,"minecraft:oak_fence":3,"minecraft:torch":54,"minecraft:green_bed":1,"minecraft:spruce_stairs":4,"minecraft:porkchop":1,"minecraft:golden_axe":1,"cataclysm:burning_ashes":3,"tombstone:grave_dust":6,"minecraft:diorite":51,"luminousworld:grassflowers":4,"minecraft:rotten_flesh":37,"luminousworld:yellow_grassflowers":1,"minecraft:polished_basalt":3,"supplementaries:antique_ink":1,"supplementaries:ash":38,"minecraft:blaze_rod":12,"minecraft:cod":27,"minecraft:iron_bars":11,"undead_revamp2:arapholia":1,"minecraft:cobblestone":1019,"minecraft:birch_log":130,"ecologics:walnut":6,"minecraft:leather_chestplate":1,"minecraft:feather":4,"minecraft:cooked_beef":5,"minecraft:repeater":4,"minecraft:andesite":36,"minecraft:black_bed":2,"minecraft:golden_leggings":2,"minecraft:potato":1,"alexsmobs:bison_fur":2,"minecraft:flint":2,"minecraft:tuff":2,"supplementaries:flax_seeds":11,"luminousworld:purple_petunias":1,"minecraft:magenta_bed":16,"minecraft:lapis_lazuli":68,"minecraft:dirt":201,"minecraft:lantern":1,"minecraft:leather_boots":1,"born_in_chaos_v1:marigolds":1,"minecraft:bone":40,"minecraft:chipped_anvil":2,"minecraft:wheat_seeds":20,"minecraft:raw_gold":45,"minecraft:mossy_stone_bricks":14,"minecraft:fletching_table":1,"minecraft:diamond_helmet":2,"minecraft:powered_rail":3,"minecraft:oak_planks":100,"iceandfire:podium_spruce":1,"minecraft:warped_wart_block":2,"minecraft:sand":9,"sophisticatedbackpacks:iron_backpack":1,"minecraft:dead_bush":1,"alexsmobs:animal_dictionary":1,"naturalist:duck_egg":3,"minecraft:bundle":2,"minecraft:iron_hoe":1,"stalwart_dungeons:spore_vaporizer":8,"born_in_chaos_v1:fire_dust":2,"minecraft:diamond":14,"iceandfire:lectern":1,"luminousworld:yellowpetunias":1,"minecraft:lever":7,"minecraft:cracked_polished_blackstone_bricks":42,"minecraft:crossbow":1,"minecraft:granite":33,"minecraft:bone_meal":1,"luminousworld:auburn_sapling":1,"minecraft:chainmail_helmet":2,"minecraft:emerald":15,"minecraft:bread":8,"iceandfire:gorgon_head":1,"minecraft:oak_sapling":55,"born_in_chaos_v1:rotten_fish":5,"minecraft:netherrack":55,"minecraft:dark_oak_fence":8,"iceandfire:silver_nugget":30,"iceandfire:raw_silver":13,"quark:crimson_chest":2,"minecraft:coarse_dirt":3,"sophisticatedbackpacks:gold_backpack":4,"luminousworld:groundpebbles_1":10,"minecraft:crafting_table":20,"born_in_chaos_v1:diamond_termite_shard":5,"minecraft:azure_bluet":4,"minecraft:nether_wart":89,"minecraft:chicken":8,"born_in_chaos_v1:river_mint":1,"born_in_chaos_v1:seedof_chaos":3,"minecraft:gold_block":5,"minecraft:infested_cobblestone":14,"quark:dark_oak_chest":1,"minecraft:oak_trapdoor":1,"minecraft:red_bed":4,"artifacts:feral_claws":1,"born_in_chaos_v1:intoxicating_decoction":1,"minecraft:white_carpet":14,"minecraft:iron_shovel":2,"minecraft:blackstone":13,"ecologics:walnut_sapling":4,"iceandfire:graveyard_soil":4,"minecraft:cracked_stone_bricks":12,"minecraft:candle":5,"minecraft:beef":48,"minecraft:oak_boat":9,"born_in_chaos_v1:gnawed_bones":4,"minecraft:iron_nugget":39,"minecraft:poppy":1,"minecraft:lectern":105,"minecraft:sugar_cane":11,"minecraft:birch_sapling":9,"minecraft:spruce_trapdoor":4,"minecraft:egg":2,"minecraft:raw_iron":181,"naturalist:duck":3,"minecraft:raw_gold_block":19,"artifacts:charm_of_sinking":1,"ecologics:coconut_slice":38,"endrem:nether_eye":1,"minecraft:note_block":4,"minecraft:polished_blackstone_bricks":32,"born_in_chaos_v1:pieceofdarkmetal":1,"minecraft:carrot":62,"minecraft:redstone":121,"minecraft:prismarine_crystals":2,"minecraft:tube_coral":1,"minecraft:arrow":8,"minecraft:weeping_vines":1,"minecraft:diamond_chestplate":1,"minecraft:beetroot_seeds":21,"minecraft:nether_bricks":2,"minecraft:diamond_boots":1,"minecraft:hay_block":12,"born_in_chaos_v1:spiny_shell":4,"minecraft:gold_ingot":67,"minecraft:polished_blackstone":4,"minecraft:mutton":21,"minecraft:skeleton_skull":11,"minecraft:white_wool":16,"minecraft:bone_block":10,"minecraft:rail":41,"minecraft:stripped_oak_log":38,"born_in_chaos_v1:corpse_maggot":3,"minecraft:basalt":4,"minecraft:glow_ink_sac":5,"luminousworld:ishstone":14,"minecraft:leather":20,"minecraft:red_mushroom":1,"minecraft:birch_planks":12,"minecraft:oak_log":268,"minecraft:chainmail_chestplate":1,"minecraft:gunpowder":11,"minecraft:cobblestone_stairs":1,"mowziesmobs:wrought_axe":5,"minecraft:white_banner":1,"quark:forgotten_hat":1,"minecraft:apple":21,"minecraft:stone_bricks":9,"minecraft:kelp":2,"minecraft:iron_ingot":59,"earthmobsmod:fancy_feather":3,"minecraft:cobweb":4,"tombstone:bag_of_seeds":1,"minecraft:soul_sand":24,"minecraft:gray_bed":1,"minecraft:iron_sword":1,"minecraft:dark_oak_stairs":1,"minecraft:book":63,"iceandfire:copper_nugget":42,"minecraft:chiseled_stone_bricks":1,"minecraft:stone_brick_slab":2,"born_in_chaos_v1:orbofthe_summoner":1,"minecraft:dandelion":2,"luminousworld:sunset_petunias":5,"minecraft:gravel":14,"mowziesmobs:wrought_helmet":1,"minecraft:blast_furnace":8,"minecraft:white_bed":17,"minecraft:spider_eye":1,"luminousworld:whiteoaklog":10,"minecraft:chainmail_leggings":3,"minecraft:iron_helmet":1,"minecraft:painting":2,"minecraft:gray_wool":1,"minecraft:terracotta":1,"minecraft:baked_potato":57,"tombstone:magic_scroll":2,"minecraft:damaged_anvil":1,"minecraft:coal":257}},"DataVersion":3465}