{"stats":{"minecraft:broken":{"minecraft:leather_chestplate":1,"minecraft:stone_pickaxe":2},"minecraft:picked_up":{"quark:crimson_chest":1,"luminousworld:groundpebbles_1":1,"minecraft:crafting_table":4,"minecraft:azure_bluet":2,"minecraft:flower_pot":1,"minecraft:wither_rose":1,"minecraft:potion":2,"minecraft:golden_shovel":1,"quark:dark_oak_chest":1,"minecraft:brewing_stand":1,"iceandfire:manuscript":3,"minecraft:string":12,"minecraft:raw_copper":10,"born_in_chaos_v1:intoxicating_decoction":1,"minecraft:iron_shovel":1,"minecraft:pufferfish":1,"minecraft:candle":2,"minecraft:gold_nugget":18,"minecraft:cobbled_deepslate":41,"minecraft:bucket":1,"earthmobsmod:duck_egg":1,"minecraft:beef":22,"born_in_chaos_v1:gnawed_bones":4,"minecraft:wooden_shovel":1,"minecraft:poppy":1,"ecologics:crab_claw":1,"minecraft:raw_iron":46,"ecologics:coconut_slice":20,"minecraft:torch":15,"minecraft:green_bed":1,"tombstone:grave_dust":2,"minecraft:diorite":10,"minecraft:redstone":17,"minecraft:tube_coral":1,"minecraft:rotten_flesh":11,"minecraft:hay_block":6,"born_in_chaos_v1:spiny_shell":1,"supplementaries:ash":2,"minecraft:cobblestone":164,"minecraft:mutton":5,"minecraft:white_wool":6,"minecraft:iron_bars":2,"minecraft:cod":26,"minecraft:skeleton_skull":4,"minecraft:rail":5,"born_in_chaos_v1:corpse_maggot":2,"minecraft:leather_chestplate":1,"minecraft:glow_ink_sac":2,"minecraft:andesite":19,"minecraft:leather":6,"minecraft:flint":1,"minecraft:tuff":2,"minecraft:oak_log":6,"minecraft:gunpowder":2,"minecraft:cobblestone_stairs":1,"mowziesmobs:wrought_axe":1,"minecraft:dirt":20,"minecraft:bone":2,"minecraft:chipped_anvil":1,"minecraft:apple":1,"minecraft:stone_bricks":2,"minecraft:kelp":2,"minecraft:wheat_seeds":1,"minecraft:raw_gold":14,"minecraft:iron_ingot":1,"minecraft:fletching_table":1,"minecraft:mossy_stone_bricks":1,"minecraft:diamond_helmet":1,"minecraft:oak_planks":26,"minecraft:dandelion":1,"minecraft:gravel":3,"mowziesmobs:wrought_helmet":1,"minecraft:blast_furnace":2,"minecraft:white_bed":3,"minecraft:dead_bush":1,"naturalist:duck_egg":2,"alexsmobs:animal_dictionary":1,"minecraft:granite":27,"minecraft:gray_wool":1,"minecraft:chainmail_helmet":1,"minecraft:terracotta":1,"minecraft:coal":67,"iceandfire:raw_silver":6},"minecraft:used":{"minecraft:iron_bars":2,"minecraft:torch":75,"iceandfire:copper_sword":19,"minecraft:granite":19,"born_in_chaos_v1:corpse_maggot":1,"born_in_chaos_v1:gnawed_bones":2,"minecraft:stone_bricks":2,"minecraft:cooked_cod":6,"minecraft:furnace":1,"tombstone:gift":3,"minecraft:cobbled_deepslate":7,"born_in_chaos_v1:mint_ice_cream":2,"minecraft:water_bucket":3,"minecraft:diorite":10,"minecraft:cobblestone_stairs":1,"minecraft:stone_pickaxe":344,"minecraft:wooden_pickaxe":3,"minecraft:salmon":16,"minecraft:rail":5,"minecraft:crafting_table":6,"minecraft:blast_furnace":1,"minecraft:white_bed":4,"minecraft:cod":18,"mowziesmobs:wrought_axe":64,"earthmobsmod:duck_egg":1,"minecraft:bread":18,"minecraft:iron_pickaxe":92,"minecraft:stone_axe":122,"ecologics:coconut_slice":24,"minecraft:wooden_sword":21,"minecraft:cobblestone":48,"minecraft:bucket":2,"alexsmobs:animal_dictionary":1},"minecraft:mined":{"minecraft:tuff":4,"minecraft:white_bed":3,"iceandfire:silver_ore":6,"luminousworld:grassvariant_4":1,"minecraft:cobblestone_stairs":1,"minecraft:brewing_stand":1,"minecraft:potted_dead_bush":1,"minecraft:granite":24,"minecraft:grass_block":5,"luminousworld:grassvariant_2":3,"born_in_chaos_v1:gnawed_bones":3,"minecraft:large_fern":1,"minecraft:hay_block":6,"minecraft:redstone_ore":2,"minecraft:iron_ore":23,"minecraft:fire":1,"minecraft:andesite":19,"minecraft:fletching_table":1,"placeablesmod:empty_bucket_block":1,"minecraft:deepslate_iron_ore":23,"minecraft:vine":4,"minecraft:iron_bars":2,"minecraft:stone":95,"minecraft:green_bed":1,"minecraft:deepslate_redstone_ore":3,"quark:dark_oak_chest":1,"minecraft:crafting_table":4,"minecraft:torch":4,"minecraft:blast_furnace":2,"minecraft:poppy":1,"minecraft:copper_ore":3,"minecraft:cobblestone":69,"minecraft:deepslate_gold_ore":12,"minecraft:oak_planks":15,"minecraft:diorite":10,"minecraft:wall_torch":10,"supplementaries:urn":4,"minecraft:skeleton_skull":3,"minecraft:wither_rose":1,"minecraft:grass":12,"minecraft:coal_ore":67,"minecraft:oak_log":6,"minecraft:dirt":5,"minecraft:gravel":3,"luminousworld:grassvariant_3":2,"minecraft:cobweb":11,"minecraft:terracotta":1,"quark:crimson_chest":1,"minecraft:stone_bricks":2,"minecraft:chipped_anvil":1,"minecraft:deepslate":44},"minecraft:dropped":{"minecraft:wheat_seeds":1,"minecraft:granite":8,"born_in_chaos_v1:gnawed_bones":1,"minecraft:wooden_sword":1,"minecraft:tube_coral":1,"minecraft:sugar":2,"minecraft:stone_axe":1,"minecraft:kelp":2,"alexsmobs:animal_dictionary":1,"undead_revamp2:arapholia":2,"minecraft:rotten_flesh":1,"minecraft:poppy":1,"luminousworld:groundpebbles_1":1,"born_in_chaos_v1:corpse_maggot":1,"minecraft:beef":3,"minecraft:stone_pickaxe":1,"minecraft:wooden_pickaxe":1,"minecraft:raw_gold":2,"iceandfire:manuscript":3,"minecraft:terracotta":1},"minecraft:custom":{"minecraft:mob_kills":46,"minecraft:interact_with_crafting_table":20,"minecraft:open_barrel":17,"minecraft:time_since_death":29645,"minecraft:climb_one_cm":698,"minecraft:sprint_one_cm":255541,"minecraft:walk_one_cm":283042,"minecraft:drop":24,"minecraft:play_time":78967,"minecraft:sneak_time":4688,"minecraft:deaths":10,"minecraft:walk_under_water_one_cm":4540,"minecraft:interact_with_brewingstand":1,"minecraft:jump":1295,"minecraft:interact_with_blast_furnace":5,"minecraft:walk_on_water_one_cm":22247,"minecraft:total_world_time":78967,"minecraft:interact_with_furnace":10,"minecraft:sleep_in_bed":2,"minecraft:time_since_rest":29248,"minecraft:damage_taken":4737,"minecraft:trigger_trapped_chest":3,"minecraft:damage_dealt":7763,"minecraft:swim_one_cm":9894,"minecraft:fly_one_cm":269066,"minecraft:open_chest":13,"minecraft:crouch_one_cm":10829,"tombstone:undead_killed":15,"minecraft:fall_one_cm":22872},"minecraft:crafted":{"minecraft:wooden_sword":1,"minecraft:oak_planks":24,"minecraft:furnace":1,"minecraft:stone_pickaxe":3,"sophisticatedbackpacks:iron_backpack":1,"minecraft:wheat":54,"minecraft:cooked_cod":7,"sophisticatedbackpacks:backpack":1,"minecraft:crafting_table":2,"minecraft:wooden_pickaxe":1,"minecraft:stone_axe":2,"minecraft:bread":18,"minecraft:air":0,"minecraft:stick":44,"quark:oak_chest":1,"minecraft:iron_pickaxe":1,"minecraft:iron_ingot":44,"minecraft:gold_ingot":2,"minecraft:white_bed":1,"minecraft:torch":68},"minecraft:killed":{"enemyexpansion:direwolf":1,"born_in_chaos_v1:maggot":2,"mowziesmobs:ferrous_wroughtnaut":1,"enemyexpansion:silverqueen":1,"minecraft:silverfish":6,"minecraft:drowned":1,"earthmobsmod:albino_cow":4,"born_in_chaos_v1:barrel_zombie":1,"enemyexpansion:sprinter":1,"minecraft:sheep":4,"enemyexpansion:meature":1,"minecraft:zombie":8,"iceandfire:ghost":3,"born_in_chaos_v1:corpse_fly":1,"alexsmobs:fly":1,"minecraft:cow":4},"minecraft:killed_by":{"mowziesmobs:ferrous_wroughtnaut":5,"minecraft:zombie":1,"iceandfire:ghost":3,"born_in_chaos_v1:maggot":1}},"DataVersion":3465}