{"stats":{"minecraft:picked_up":{"born_in_chaos_v1:corpse_maggot":1,"luminousworld:palm_log":1,"ecologics:coconut_slice":6,"minecraft:torch":1},"minecraft:dropped":{"minecraft:torch":1},"minecraft:mined":{"minecraft:grass":1,"minecraft:grass_block":1},"minecraft:custom":{"minecraft:time_since_rest":40885,"minecraft:damage_taken":466,"minecraft:crouch_one_cm":2269,"minecraft:play_time":55646,"minecraft:sprint_one_cm":43137,"minecraft:walk_one_cm":54740,"tombstone:undead_killed":2,"minecraft:deaths":1,"minecraft:sneak_time":1553,"minecraft:walk_under_water_one_cm":40558,"minecraft:mob_kills":7,"minecraft:drop":1,"minecraft:aviate_one_cm":1699640,"minecraft:jump":356,"tombstone:raider_killed":1,"minecraft:damage_dealt":3061,"minecraft:leave_game":4,"minecraft:time_since_death":41328,"minecraft:walk_on_water_one_cm":4146,"minecraft:total_world_time":55646,"minecraft:fall_one_cm":1520,"minecraft:fly_one_cm":315205,"minecraft:player_kills":1},"minecraft:killed":{"luminousworld:crab":1,"minecraft:witch":1,"born_in_chaos_v1:thornshell_crab":1,"born_in_chaos_v1:corpse_fly":1,"born_in_chaos_v1:decrepit_skeleton":1,"born_in_chaos_v1:swarmer":1},"minecraft:killed_by":{"born_in_chaos_v1:dread_hound":1},"minecraft:used":{"aether:lightning_sword":38,"minecraft:torch":1,"minecraft:firework_rocket":54,"minecraft:elytra":1,"alexsmobs:animal_dictionary":1}},"DataVersion":3465}