{"stats":{"minecraft:custom":{"minecraft:time_since_rest":78573,"minecraft:sprint_one_cm":86837,"minecraft:damage_taken":593,"minecraft:walk_one_cm":101641,"minecraft:mob_kills":20,"minecraft:drop":4,"tombstone:raider_killed":7,"minecraft:damage_dealt":6793,"minecraft:fly_one_cm":700027,"minecraft:player_kills":1,"minecraft:open_chest":1,"minecraft:crouch_one_cm":3579,"minecraft:play_time":93334,"tombstone:undead_killed":3,"minecraft:deaths":1,"minecraft:raid_trigger":1,"minecraft:sneak_time":2490,"minecraft:walk_under_water_one_cm":40558,"minecraft:aviate_one_cm":3225859,"minecraft:jump":751,"minecraft:leave_game":7,"minecraft:walk_on_water_one_cm":4146,"minecraft:time_since_death":79016,"minecraft:total_world_time":93334,"minecraft:fall_one_cm":2509},"minecraft:killed":{"luminousworld:crab":1,"minecraft:pillager":5,"minecraft:witch":1,"born_in_chaos_v1:corpse_fly":1,"born_in_chaos_v1:swarmer":1,"takesapillage:archer":1,"born_in_chaos_v1:thornshell_crab":1,"eeeabsmobs:corpse_warlock":1,"born_in_chaos_v1:decrepit_skeleton":1},"minecraft:picked_up":{"born_in_chaos_v1:corpse_maggot":1,"ecologics:coconut_slice":6,"minecraft:torch":1,"minecraft:arrow":1,"minecraft:bone":2,"minecraft:rotten_flesh":2,"luminousworld:palm_log":1,"supplementaries:ash":2},"minecraft:mined":{"minecraft:grass":1,"minecraft:grass_block":1},"minecraft:dropped":{"minecraft:baked_potato":64,"minecraft:torch":1,"minecraft:cooked_porkchop":64,"minecraft:stick":1},"minecraft:killed_by":{"born_in_chaos_v1:dread_hound":1},"minecraft:used":{"born_in_chaos_v1:corpse_maggot":1,"minecraft:firework_rocket":124,"minecraft:flint_and_steel":1,"minecraft:elytra":1,"eeeabsmobs:corpse_warlock_egg":1,"aether:lightning_sword":90,"ecologics:coconut_slice":6,"minecraft:torch":1,"alexsmobs:animal_dictionary":1,"minecraft:obsidian":15}},"DataVersion":3465}