{"stats":{"minecraft:custom":{"minecraft:time_since_rest":59913,"minecraft:sprint_one_cm":62213,"minecraft:damage_taken":593,"minecraft:walk_one_cm":76523,"minecraft:mob_kills":19,"minecraft:drop":3,"tombstone:raider_killed":7,"minecraft:damage_dealt":5010,"minecraft:fly_one_cm":515440,"minecraft:player_kills":1,"minecraft:open_chest":1,"minecraft:crouch_one_cm":2567,"minecraft:play_time":74674,"tombstone:undead_killed":2,"minecraft:deaths":1,"minecraft:raid_trigger":1,"minecraft:sneak_time":2085,"minecraft:walk_under_water_one_cm":40558,"minecraft:aviate_one_cm":2161312,"minecraft:jump":516,"minecraft:leave_game":7,"minecraft:walk_on_water_one_cm":4146,"minecraft:time_since_death":60356,"minecraft:total_world_time":74674,"minecraft:fall_one_cm":2509},"minecraft:killed":{"luminousworld:crab":1,"minecraft:pillager":5,"minecraft:witch":1,"born_in_chaos_v1:corpse_fly":1,"born_in_chaos_v1:swarmer":1,"takesapillage:archer":1,"born_in_chaos_v1:thornshell_crab":1,"born_in_chaos_v1:decrepit_skeleton":1},"minecraft:picked_up":{"born_in_chaos_v1:corpse_maggot":1,"ecologics:coconut_slice":6,"minecraft:torch":1,"luminousworld:palm_log":1,"supplementaries:ash":1},"minecraft:mined":{"minecraft:grass":1,"minecraft:grass_block":1},"minecraft:dropped":{"minecraft:baked_potato":64,"minecraft:torch":1,"minecraft:cooked_porkchop":64},"minecraft:killed_by":{"born_in_chaos_v1:dread_hound":1},"minecraft:used":{"born_in_chaos_v1:corpse_maggot":1,"minecraft:firework_rocket":74,"minecraft:elytra":1,"aether:lightning_sword":65,"ecologics:coconut_slice":6,"minecraft:torch":1,"alexsmobs:animal_dictionary":1}},"DataVersion":3465}