{"stats":{"minecraft:picked_up":{"born_in_chaos_v1:corpse_maggot":1,"ecologics:coconut_slice":4},"minecraft:used":{"aether:lightning_sword":34,"minecraft:torch":1,"minecraft:firework_rocket":29,"minecraft:elytra":1,"alexsmobs:animal_dictionary":1},"minecraft:mined":{"minecraft:grass":1,"minecraft:grass_block":1},"minecraft:custom":{"tombstone:undead_killed":1,"minecraft:time_since_rest":10143,"minecraft:crouch_one_cm":994,"minecraft:deaths":1,"minecraft:play_time":24904,"minecraft:sprint_one_cm":18598,"minecraft:damage_taken":466,"minecraft:walk_one_cm":32707,"minecraft:sneak_time":382,"minecraft:walk_under_water_one_cm":33598,"minecraft:mob_kills":5,"minecraft:aviate_one_cm":835368,"minecraft:jump":184,"tombstone:raider_killed":1,"minecraft:damage_dealt":2562,"minecraft:leave_game":1,"minecraft:time_since_death":10586,"minecraft:walk_on_water_one_cm":3758,"minecraft:total_world_time":24904,"minecraft:fall_one_cm":1520,"minecraft:fly_one_cm":154782},"minecraft:killed":{"minecraft:witch":1,"born_in_chaos_v1:thornshell_crab":1,"born_in_chaos_v1:corpse_fly":1,"born_in_chaos_v1:swarmer":1},"minecraft:killed_by":{"born_in_chaos_v1:dread_hound":1}},"DataVersion":3465}