{"stats":{"minecraft:custom":{"minecraft:time_since_rest":89874,"minecraft:sprint_one_cm":97819,"minecraft:damage_taken":593,"minecraft:walk_one_cm":120556,"minecraft:mob_kills":20,"minecraft:drop":5,"tombstone:raider_killed":7,"minecraft:damage_dealt":7343,"minecraft:damage_dealt_absorbed":80,"minecraft:fly_one_cm":796138,"minecraft:player_kills":1,"minecraft:open_chest":1,"minecraft:crouch_one_cm":3719,"minecraft:play_time":104635,"tombstone:undead_killed":4,"minecraft:deaths":1,"minecraft:raid_trigger":1,"minecraft:sneak_time":2723,"minecraft:walk_under_water_one_cm":40558,"minecraft:aviate_one_cm":3451352,"minecraft:jump":890,"minecraft:leave_game":8,"minecraft:walk_on_water_one_cm":4146,"minecraft:time_since_death":90317,"minecraft:total_world_time":104635,"minecraft:fall_one_cm":2509},"minecraft:killed":{"luminousworld:crab":1,"cataclysm:ignited_revenant":1,"minecraft:pillager":5,"minecraft:witch":1,"born_in_chaos_v1:corpse_fly":1,"born_in_chaos_v1:swarmer":1,"takesapillage:archer":1,"born_in_chaos_v1:thornshell_crab":1,"eeeabsmobs:corpse_warlock":1,"born_in_chaos_v1:decrepit_skeleton":1},"minecraft:picked_up":{"born_in_chaos_v1:corpse_maggot":1,"ecologics:coconut_slice":6,"minecraft:torch":1,"minecraft:arrow":1,"minecraft:bone":2,"minecraft:rotten_flesh":2,"luminousworld:palm_log":1,"supplementaries:ash":2},"minecraft:mined":{"minecraft:grass":1,"minecraft:grass_block":1},"minecraft:dropped":{"minecraft:baked_potato":64,"minecraft:torch":1,"minecraft:cooked_porkchop":64,"cataclysm:burning_ashes":3,"minecraft:stick":1},"minecraft:killed_by":{"born_in_chaos_v1:dread_hound":1},"minecraft:used":{"born_in_chaos_v1:corpse_maggot":1,"minecraft:firework_rocket":129,"minecraft:flint_and_steel":1,"minecraft:elytra":1,"minecraft:red_terracotta":1,"minecraft:netherrack":5,"eeeabsmobs:corpse_warlock_egg":1,"minecraft:bedrock":3,"aether:lightning_sword":98,"ecologics:coconut_slice":6,"minecraft:torch":1,"alexsmobs:animal_dictionary":1,"minecraft:obsidian":15}},"DataVersion":3465}