{"stats":{"minecraft:killed":{"luminousworld:crab":1,"minecraft:witch":1,"born_in_chaos_v1:thornshell_crab":1,"born_in_chaos_v1:corpse_fly":1,"born_in_chaos_v1:decrepit_skeleton":1,"born_in_chaos_v1:swarmer":1},"minecraft:killed_by":{"born_in_chaos_v1:dread_hound":1},"minecraft:used":{"minecraft:torch":1,"aether:lightning_sword":36,"minecraft:firework_rocket":54,"minecraft:elytra":1,"alexsmobs:animal_dictionary":1},"minecraft:mined":{"minecraft:grass":1,"minecraft:grass_block":1},"minecraft:dropped":{"minecraft:torch":1},"minecraft:custom":{"minecraft:time_since_rest":18265,"minecraft:damage_taken":466,"minecraft:crouch_one_cm":2021,"minecraft:play_time":33026,"minecraft:sprint_one_cm":28019,"minecraft:walk_one_cm":47520,"tombstone:undead_killed":2,"minecraft:deaths":1,"minecraft:sneak_time":402,"minecraft:walk_under_water_one_cm":34268,"minecraft:mob_kills":7,"minecraft:drop":1,"minecraft:aviate_one_cm":1694411,"minecraft:jump":245,"tombstone:raider_killed":1,"minecraft:damage_dealt":2889,"minecraft:leave_game":4,"minecraft:time_since_death":18708,"minecraft:walk_on_water_one_cm":3904,"minecraft:total_world_time":33026,"minecraft:fall_one_cm":1520,"minecraft:fly_one_cm":186088},"minecraft:picked_up":{"born_in_chaos_v1:corpse_maggot":1,"ecologics:coconut_slice":6,"minecraft:torch":1}},"DataVersion":3465}