{"stats":{"minecraft:picked_up":{"born_in_chaos_v1:corpse_maggot":1,"ecologics:coconut_slice":6,"minecraft:torch":1,"luminousworld:palm_log":1,"supplementaries:ash":1},"minecraft:dropped":{"minecraft:baked_potato":64,"minecraft:torch":1,"minecraft:cooked_porkchop":64},"minecraft:mined":{"minecraft:grass":1,"minecraft:grass_block":1},"minecraft:custom":{"minecraft:time_since_rest":48312,"minecraft:sprint_one_cm":51076,"minecraft:damage_taken":593,"minecraft:walk_one_cm":68099,"minecraft:mob_kills":15,"minecraft:drop":3,"tombstone:raider_killed":4,"minecraft:damage_dealt":4608,"minecraft:fly_one_cm":394552,"minecraft:player_kills":1,"minecraft:open_chest":1,"minecraft:crouch_one_cm":2412,"minecraft:play_time":63073,"tombstone:undead_killed":2,"minecraft:deaths":1,"minecraft:sneak_time":1736,"minecraft:walk_under_water_one_cm":40558,"minecraft:aviate_one_cm":2155980,"minecraft:jump":446,"minecraft:walk_on_water_one_cm":4146,"minecraft:leave_game":5,"minecraft:time_since_death":48755,"minecraft:total_world_time":63073,"minecraft:fall_one_cm":2509},"minecraft:killed":{"luminousworld:crab":1,"minecraft:pillager":3,"minecraft:witch":1,"born_in_chaos_v1:corpse_fly":1,"born_in_chaos_v1:swarmer":1,"born_in_chaos_v1:thornshell_crab":1,"born_in_chaos_v1:decrepit_skeleton":1},"minecraft:killed_by":{"born_in_chaos_v1:dread_hound":1},"minecraft:used":{"born_in_chaos_v1:corpse_maggot":1,"minecraft:firework_rocket":74,"minecraft:elytra":1,"aether:lightning_sword":59,"ecologics:coconut_slice":6,"minecraft:torch":1,"alexsmobs:animal_dictionary":1}},"DataVersion":3465}