{"stats":{"minecraft:used":{"minecraft:elytra":1,"minecraft:torch":1,"alexsmobs:animal_dictionary":1,"minecraft:firework_rocket":16},"minecraft:mined":{"minecraft:grass":1,"minecraft:grass_block":1},"minecraft:custom":{"minecraft:jump":96,"minecraft:damage_taken":466,"minecraft:time_since_rest":1461,"minecraft:walk_on_water_one_cm":334,"minecraft:damage_dealt":10,"minecraft:crouch_one_cm":775,"minecraft:sprint_one_cm":8139,"minecraft:play_time":16222,"minecraft:time_since_death":1904,"minecraft:walk_one_cm":11361,"minecraft:sneak_time":319,"minecraft:total_world_time":16222,"minecraft:walk_under_water_one_cm":771,"minecraft:fall_one_cm":1520,"minecraft:fly_one_cm":98257,"minecraft:deaths":1,"minecraft:aviate_one_cm":537580},"minecraft:killed_by":{"born_in_chaos_v1:dread_hound":1}},"DataVersion":3465}