{"stats":{"minecraft:custom":{"minecraft:time_since_rest":66573,"minecraft:sprint_one_cm":74586,"minecraft:damage_taken":593,"minecraft:walk_one_cm":84868,"minecraft:mob_kills":19,"minecraft:drop":3,"tombstone:raider_killed":7,"minecraft:damage_dealt":5049,"minecraft:fly_one_cm":572939,"minecraft:player_kills":1,"minecraft:open_chest":1,"minecraft:crouch_one_cm":2616,"minecraft:play_time":81334,"tombstone:undead_killed":2,"minecraft:deaths":1,"minecraft:raid_trigger":1,"minecraft:sneak_time":2187,"minecraft:walk_under_water_one_cm":40558,"minecraft:aviate_one_cm":2881306,"minecraft:jump":618,"minecraft:leave_game":7,"minecraft:walk_on_water_one_cm":4146,"minecraft:time_since_death":67016,"minecraft:total_world_time":81334,"minecraft:fall_one_cm":2509},"minecraft:killed":{"luminousworld:crab":1,"minecraft:pillager":5,"minecraft:witch":1,"born_in_chaos_v1:corpse_fly":1,"born_in_chaos_v1:swarmer":1,"takesapillage:archer":1,"born_in_chaos_v1:thornshell_crab":1,"born_in_chaos_v1:decrepit_skeleton":1},"minecraft:picked_up":{"born_in_chaos_v1:corpse_maggot":1,"ecologics:coconut_slice":6,"minecraft:torch":1,"minecraft:arrow":1,"minecraft:bone":2,"minecraft:rotten_flesh":2,"luminousworld:palm_log":1,"supplementaries:ash":2},"minecraft:mined":{"minecraft:grass":1,"minecraft:grass_block":1},"minecraft:dropped":{"minecraft:baked_potato":64,"minecraft:torch":1,"minecraft:cooked_porkchop":64},"minecraft:killed_by":{"born_in_chaos_v1:dread_hound":1},"minecraft:used":{"born_in_chaos_v1:corpse_maggot":1,"minecraft:firework_rocket":114,"minecraft:elytra":1,"aether:lightning_sword":66,"ecologics:coconut_slice":6,"minecraft:torch":1,"alexsmobs:animal_dictionary":1}},"DataVersion":3465}