{"stats":{"minecraft:picked_up":{"ecologics:walnut_log":8,"ecologics:coconut_slice":8,"undead_revamp2:arapholia":2},"minecraft:mined":{"ecologics:walnut_leaves":2,"ecologics:walnut_log":4,"undead_revamp2:arapholia":2},"minecraft:dropped":{"ecologics:walnut_log":4},"minecraft:custom":{"minecraft:open_barrel":1,"minecraft:time_since_rest":116,"minecraft:crouch_one_cm":6,"minecraft:play_time":2104,"minecraft:sprint_one_cm":9018,"minecraft:walk_one_cm":2429,"minecraft:damage_taken":235,"minecraft:deaths":1,"minecraft:sneak_time":37,"minecraft:drop":1,"minecraft:jump":69,"minecraft:leave_game":1,"minecraft:time_since_death":0,"minecraft:total_world_time":2104,"minecraft:fall_one_cm":2090,"minecraft:fly_one_cm":21166},"minecraft:crafted":{"ecologics:walnut_planks":16},"minecraft:killed_by":{"minecraft:zombie":1}},"DataVersion":3465}