{"stats":{"minecraft:picked_up":{"minecraft:stripped_oak_log":19,"minecraft:crafting_table":5,"minecraft:chainmail_boots":1,"illagerinvasion:platinum_chunk":6,"minecraft:chicken":1,"minecraft:water_bucket":1,"minecraft:leather":3,"minecraft:potato":1,"minecraft:chainmail_chestplate":1,"minecraft:magenta_bed":1,"minecraft:dirt":1,"minecraft:string":29,"minecraft:white_banner":1,"minecraft:iron_leggings":1,"minecraft:wheat_seeds":1,"earthmobsmod:duck_egg":1,"minecraft:beef":9,"minecraft:iron_ingot":61,"minecraft:cooked_chicken":1,"minecraft:oak_boat":1,"minecraft:light_gray_wool":1,"minecraft:sugar_cane":15,"minecraft:iron_sword":4,"minecraft:iron_boots":1,"minecraft:furnace":3,"minecraft:torch":1,"minecraft:sand":18,"minecraft:porkchop":6,"tombstone:grave_dust":2,"minecraft:white_bed":8,"minecraft:spider_eye":2,"born_in_chaos_v1:fire_dust":1,"minecraft:chainmail_helmet":1,"minecraft:emerald":8,"minecraft:baked_potato":2,"minecraft:mutton":14,"minecraft:dark_oak_fence":3,"minecraft:coal":94,"minecraft:blaze_powder":5,"minecraft:white_wool":7,"minecraft:cobblestone":30},"minecraft:dropped":{"minecraft:enchanted_book":1,"minecraft:iron_sword":2,"minecraft:wheat_seeds":1,"minecraft:wheat":1,"minecraft:leather":1,"minecraft:magenta_bed":1,"minecraft:dark_oak_fence":3,"minecraft:spider_eye":2,"minecraft:sand":28,"earthmobsmod:duck_egg":1,"minecraft:white_wool":1},"minecraft:mined":{"minecraft:white_bed":8,"minecraft:crafting_table":5,"minecraft:dark_oak_fence":7,"luminousworld:grassvariant_2":8,"minecraft:tall_grass":4,"minecraft:cobblestone":8,"minecraft:sugar_cane":7,"minecraft:wall_torch":1,"minecraft:spawner":1,"minecraft:furnace":3,"minecraft:grass":21,"minecraft:coal_ore":28,"minecraft:dirt":1,"luminousworld:grassvariant_3":2,"minecraft:cobweb":13,"luminousworld:palm_log":1,"minecraft:stone":21,"minecraft:white_wool":3},"minecraft:custom":{"minecraft:interact_with_furnace":13,"minecraft:mob_kills":39,"minecraft:animals_bred":1,"tombstone:raider_killed":12,"minecraft:interact_with_crafting_table":7,"minecraft:damage_dealt_resisted":1211,"minecraft:time_since_death":12560,"minecraft:sleep_in_bed":5,"minecraft:time_since_rest":2036,"minecraft:sprint_one_cm":217574,"minecraft:damage_taken":2418,"minecraft:walk_one_cm":166850,"minecraft:damage_blocked_by_shield":145,"tombstone:sneak_grave":1,"minecraft:drop":14,"minecraft:damage_dealt":8439,"minecraft:swim_one_cm":35123,"minecraft:fly_one_cm":348412,"minecraft:open_chest":11,"minecraft:crouch_one_cm":2124,"minecraft:play_time":69990,"tombstone:undead_killed":7,"minecraft:deaths":6,"minecraft:sneak_time":998,"minecraft:walk_under_water_one_cm":12626,"minecraft:jump":1560,"minecraft:walk_on_water_one_cm":24320,"minecraft:total_world_time":69990,"minecraft:fall_one_cm":36617},"minecraft:broken":{"minecraft:iron_leggings":1},"minecraft:killed":{"minecraft:cave_spider":1,"minecraft:pig":4,"born_in_chaos_v1:bone_imp_minion":7,"minecraft:sheep":8,"minecraft:pillager":12,"minecraft:chicken":1,"earthmobsmod:albino_cow":2,"minecraft:cow":3},"minecraft:killed_by":{"minecraft:player":2,"born_in_chaos_v1:supreme_bonescaller_stage_2":1,"born_in_chaos_v1:bone_imp_minion":2},"minecraft:used":{"minecraft:cooked_mutton":5,"minecraft:water_bucket":2,"minecraft:baked_potato":3,"minecraft:oak_planks":12,"minecraft:shield":6,"minecraft:iron_sword":220,"minecraft:cooked_chicken":1,"minecraft:iron_chestplate":1,"minecraft:white_wool":2,"minecraft:torch":16,"minecraft:dirt":1,"minecraft:crafting_table":5,"minecraft:white_bed":8,"ad_astra:oil_bucket":4,"minecraft:iron_axe":18,"minecraft:iron_pickaxe":65,"minecraft:light_gray_wool":1,"minecraft:cobblestone":8,"minecraft:white_banner":1,"minecraft:furnace":3,"minecraft:bucket":6,"tombstone:gift":5,"minecraft:oak_boat":1,"minecraft:cooked_beef":7},"minecraft:crafted":{"minecraft:cooked_beef":9,"minecraft:oak_planks":72,"minecraft:crafting_table":1,"minecraft:baked_potato":2,"minecraft:iron_sword":1,"minecraft:furnace":1,"minecraft:stripped_oak_wood":3,"minecraft:cooked_mutton":5,"minecraft:air":0,"minecraft:oak_boat":1,"minecraft:iron_chestplate":1,"minecraft:shield":1,"minecraft:iron_axe":1,"minecraft:stick":16,"minecraft:iron_pickaxe":1,"minecraft:white_bed":1,"minecraft:torch":44}},"DataVersion":3465}