{"stats":{"minecraft:dropped":{"minecraft:enchanted_book":1,"minecraft:iron_sword":3,"luminousworld:sunset_petunias":3,"minecraft:wheat_seeds":2,"luminousworld:yellowpetunias":1,"minecraft:cobblestone":62,"minecraft:leather":1,"minecraft:chainmail_helmet":1,"minecraft:magenta_bed":1,"minecraft:dark_oak_fence":3,"minecraft:sand":28,"earthmobsmod:duck_egg":1,"minecraft:white_wool":1,"minecraft:cobbled_deepslate":16,"minecraft:wheat":1,"minecraft:spider_eye":2,"luminousworld:blue_petunias":1},"minecraft:custom":{"minecraft:mob_kills":46,"minecraft:animals_bred":1,"minecraft:interact_with_crafting_table":11,"minecraft:damage_dealt_resisted":1211,"minecraft:leave_game":2,"minecraft:time_since_death":17350,"minecraft:sprint_one_cm":373979,"minecraft:walk_one_cm":301349,"minecraft:damage_blocked_by_shield":540,"minecraft:drop":22,"minecraft:play_time":128490,"minecraft:deaths":12,"minecraft:sneak_time":4069,"minecraft:walk_under_water_one_cm":16659,"minecraft:jump":2631,"minecraft:walk_on_water_one_cm":34827,"minecraft:total_world_time":128490,"minecraft:interact_with_furnace":13,"tombstone:raider_killed":12,"minecraft:sleep_in_bed":9,"minecraft:time_since_rest":7947,"minecraft:damage_taken":4949,"tombstone:sneak_grave":1,"minecraft:damage_dealt":10207,"minecraft:swim_one_cm":36749,"minecraft:fly_one_cm":591468,"minecraft:open_chest":11,"minecraft:crouch_one_cm":7511,"tombstone:undead_killed":10,"minecraft:fall_one_cm":67620},"minecraft:killed":{"minecraft:cave_spider":1,"undead_revamp2:theimmortal":2,"enemyexpansion:direwolf":1,"minecraft:skeleton":1,"mowziesmobs:ferrous_wroughtnaut":1,"minecraft:chicken":1,"earthmobsmod:albino_cow":2,"minecraft:pig":4,"born_in_chaos_v1:bone_imp_minion":7,"minecraft:creeper":1,"minecraft:sheep":8,"minecraft:pillager":12,"minecraft:cow":3},"minecraft:used":{"minecraft:shield":8,"minecraft:iron_sword":252,"minecraft:cooked_chicken":1,"minecraft:iron_chestplate":1,"minecraft:torch":60,"minecraft:dirt":1,"minecraft:iron_axe":23,"minecraft:light_gray_wool":1,"minecraft:furnace":3,"tombstone:gift":5,"minecraft:cooked_beef":9,"minecraft:cooked_mutton":5,"minecraft:water_bucket":2,"minecraft:baked_potato":3,"minecraft:oak_planks":54,"luminousworld:ishstone":2,"minecraft:white_wool":2,"minecraft:crafting_table":8,"minecraft:white_bed":14,"mowziesmobs:wrought_axe":58,"earthmobsmod:duck_egg":1,"ad_astra:oil_bucket":4,"minecraft:bread":18,"minecraft:iron_pickaxe":626,"minecraft:fishing_rod":1,"minecraft:cobblestone":96,"minecraft:white_banner":1,"minecraft:bucket":6,"minecraft:oak_boat":1},"minecraft:crafted":{"minecraft:oak_planks":164,"minecraft:furnace":1,"minecraft:cooked_mutton":5,"minecraft:iron_axe":1,"sophisticatedbackpacks:iron_backpack":1,"minecraft:cooked_beef":9,"sophisticatedbackpacks:backpack":1,"minecraft:crafting_table":1,"minecraft:baked_potato":2,"minecraft:iron_sword":1,"minecraft:stripped_oak_wood":3,"minecraft:air":0,"minecraft:oak_boat":1,"minecraft:iron_chestplate":1,"minecraft:shield":2,"minecraft:stick":260,"quark:oak_chest":1,"minecraft:iron_pickaxe":3,"minecraft:white_bed":1,"minecraft:torch":44},"minecraft:killed_by":{"minecraft:player":2,"born_in_chaos_v1:bone_imp_minion":2,"mowziesmobs:ferrous_wroughtnaut":4,"minecraft:witch":1,"born_in_chaos_v1:supreme_bonescaller_stage_2":1},"minecraft:mined":{"minecraft:white_bed":14,"iceandfire:silver_ore":1,"minecraft:deepslate_diamond_ore":20,"minecraft:dark_oak_fence":7,"luminousworld:grassvariant_2":8,"minecraft:spawner":1,"minecraft:redstone_ore":6,"minecraft:furnace":3,"minecraft:iron_ore":23,"minecraft:deepslate_lapis_ore":6,"minecraft:stone":159,"minecraft:white_wool":3,"minecraft:deepslate_redstone_ore":19,"minecraft:crafting_table":7,"minecraft:torch":10,"minecraft:tall_grass":6,"minecraft:cobblestone":14,"minecraft:deepslate_gold_ore":16,"minecraft:sugar_cane":7,"minecraft:wall_torch":6,"minecraft:grass":21,"minecraft:coal_ore":108,"minecraft:oak_log":53,"luminousworld:ishstone":2,"minecraft:gravel":2,"minecraft:dirt":1,"luminousworld:grassvariant_3":2,"minecraft:cobweb":13,"luminousworld:palm_log":1,"minecraft:deepslate":235},"minecraft:picked_up":{"minecraft:crafting_table":7,"minecraft:chainmail_boots":1,"illagerinvasion:platinum_chunk":6,"minecraft:chicken":1,"minecraft:string":29,"minecraft:iron_leggings":1,"minecraft:cobbled_deepslate":240,"earthmobsmod:duck_egg":2,"minecraft:beef":9,"minecraft:oak_boat":1,"minecraft:light_gray_wool":1,"minecraft:sugar_cane":15,"minecraft:furnace":3,"minecraft:iron_boots":1,"minecraft:raw_iron":23,"luminousworld:blue_petunias":1,"minecraft:torch":18,"minecraft:porkchop":6,"tombstone:grave_dust":2,"minecraft:redstone":108,"minecraft:arrow":1,"minecraft:mutton":14,"minecraft:cobblestone":169,"minecraft:white_wool":7,"minecraft:blaze_powder":5,"minecraft:stripped_oak_log":19,"minecraft:water_bucket":1,"luminousworld:ishstone":2,"minecraft:leather":5,"minecraft:potato":1,"minecraft:flint":1,"minecraft:oak_log":53,"minecraft:chainmail_chestplate":1,"minecraft:magenta_bed":1,"minecraft:gunpowder":3,"mowziesmobs:wrought_axe":1,"minecraft:lapis_lazuli":42,"minecraft:dirt":1,"minecraft:white_banner":1,"minecraft:bone":2,"minecraft:bow":1,"minecraft:wheat_seeds":2,"minecraft:raw_gold":16,"minecraft:iron_ingot":61,"minecraft:cooked_chicken":1,"minecraft:iron_sword":5,"minecraft:gravel":9,"luminousworld:sunset_petunias":3,"minecraft:sand":18,"mowziesmobs:wrought_helmet":1,"minecraft:white_bed":14,"minecraft:spider_eye":2,"minecraft:bundle":1,"born_in_chaos_v1:fire_dust":1,"minecraft:diamond":20,"luminousworld:yellowpetunias":1,"minecraft:emerald":8,"minecraft:chainmail_helmet":1,"minecraft:baked_potato":2,"minecraft:coal":174,"minecraft:dark_oak_fence":3,"iceandfire:raw_silver":1},"minecraft:broken":{"minecraft:iron_leggings":1,"minecraft:shield":2,"minecraft:iron_pickaxe":2}},"DataVersion":3465}