{"stats":{"minecraft:dropped":{"minecraft:enchanted_book":1,"minecraft:iron_sword":2,"minecraft:wheat_seeds":1,"minecraft:wheat":1,"minecraft:leather":1,"minecraft:magenta_bed":1,"minecraft:dark_oak_fence":3,"minecraft:spider_eye":2,"minecraft:sand":28,"luminousworld:blue_petunias":1,"earthmobsmod:duck_egg":1,"minecraft:white_wool":1},"minecraft:custom":{"minecraft:interact_with_furnace":13,"minecraft:mob_kills":42,"minecraft:animals_bred":1,"tombstone:raider_killed":12,"minecraft:interact_with_crafting_table":10,"minecraft:damage_dealt_resisted":1211,"minecraft:leave_game":2,"minecraft:time_since_death":4753,"minecraft:sleep_in_bed":6,"minecraft:time_since_rest":966,"minecraft:sprint_one_cm":302996,"minecraft:damage_taken":4075,"minecraft:walk_one_cm":218754,"minecraft:damage_blocked_by_shield":540,"tombstone:sneak_grave":1,"minecraft:drop":15,"minecraft:damage_dealt":9259,"minecraft:swim_one_cm":36749,"minecraft:fly_one_cm":451438,"minecraft:open_chest":11,"minecraft:crouch_one_cm":6417,"minecraft:play_time":92490,"tombstone:undead_killed":7,"minecraft:deaths":10,"minecraft:sneak_time":2757,"minecraft:walk_under_water_one_cm":15464,"minecraft:jump":1998,"minecraft:walk_on_water_one_cm":34064,"minecraft:total_world_time":92490,"minecraft:fall_one_cm":49557},"minecraft:killed":{"minecraft:cave_spider":1,"minecraft:pig":4,"born_in_chaos_v1:bone_imp_minion":7,"enemyexpansion:direwolf":1,"minecraft:creeper":1,"minecraft:sheep":8,"minecraft:pillager":12,"mowziesmobs:ferrous_wroughtnaut":1,"minecraft:chicken":1,"earthmobsmod:albino_cow":2,"minecraft:cow":3},"minecraft:used":{"minecraft:cooked_mutton":5,"minecraft:water_bucket":2,"minecraft:baked_potato":3,"minecraft:oak_planks":30,"minecraft:shield":8,"minecraft:iron_sword":228,"minecraft:cooked_chicken":1,"minecraft:iron_chestplate":1,"minecraft:white_wool":2,"minecraft:torch":31,"minecraft:dirt":1,"minecraft:crafting_table":7,"minecraft:white_bed":10,"ad_astra:oil_bucket":4,"earthmobsmod:duck_egg":1,"minecraft:iron_axe":23,"minecraft:bread":9,"minecraft:iron_pickaxe":206,"minecraft:light_gray_wool":1,"minecraft:fishing_rod":1,"minecraft:cobblestone":81,"minecraft:white_banner":1,"minecraft:furnace":3,"minecraft:bucket":6,"tombstone:gift":5,"minecraft:oak_boat":1,"minecraft:cooked_beef":9},"minecraft:crafted":{"minecraft:cooked_beef":9,"minecraft:oak_planks":72,"sophisticatedbackpacks:backpack":1,"minecraft:crafting_table":1,"minecraft:baked_potato":2,"minecraft:iron_sword":1,"minecraft:furnace":1,"minecraft:stripped_oak_wood":3,"minecraft:cooked_mutton":5,"minecraft:air":0,"minecraft:oak_boat":1,"minecraft:iron_chestplate":1,"minecraft:shield":2,"minecraft:iron_axe":1,"minecraft:stick":16,"quark:oak_chest":1,"minecraft:iron_pickaxe":1,"minecraft:white_bed":1,"minecraft:torch":44,"sophisticatedbackpacks:iron_backpack":1},"minecraft:killed_by":{"mowziesmobs:ferrous_wroughtnaut":4,"minecraft:player":2,"born_in_chaos_v1:supreme_bonescaller_stage_2":1,"born_in_chaos_v1:bone_imp_minion":2},"minecraft:mined":{"minecraft:white_bed":10,"iceandfire:silver_ore":1,"minecraft:crafting_table":7,"minecraft:torch":2,"minecraft:dark_oak_fence":7,"luminousworld:grassvariant_2":8,"minecraft:tall_grass":4,"minecraft:cobblestone":13,"minecraft:sugar_cane":7,"minecraft:wall_torch":1,"minecraft:spawner":1,"minecraft:furnace":3,"minecraft:grass":21,"minecraft:coal_ore":60,"minecraft:dirt":1,"luminousworld:grassvariant_3":2,"minecraft:cobweb":13,"luminousworld:palm_log":1,"minecraft:stone":124,"minecraft:white_wool":3},"minecraft:picked_up":{"minecraft:stripped_oak_log":19,"minecraft:crafting_table":7,"illagerinvasion:platinum_chunk":6,"minecraft:chainmail_boots":1,"minecraft:chicken":1,"minecraft:water_bucket":1,"minecraft:leather":5,"minecraft:potato":1,"minecraft:chainmail_chestplate":1,"minecraft:magenta_bed":1,"minecraft:gunpowder":2,"mowziesmobs:wrought_axe":1,"minecraft:dirt":1,"minecraft:string":29,"minecraft:white_banner":1,"minecraft:iron_leggings":1,"minecraft:wheat_seeds":1,"earthmobsmod:duck_egg":2,"minecraft:iron_ingot":61,"minecraft:beef":9,"minecraft:cooked_chicken":1,"minecraft:oak_boat":1,"minecraft:light_gray_wool":1,"minecraft:sugar_cane":15,"minecraft:iron_sword":4,"minecraft:iron_boots":1,"minecraft:furnace":3,"luminousworld:blue_petunias":1,"minecraft:torch":3,"minecraft:porkchop":6,"minecraft:sand":18,"mowziesmobs:wrought_helmet":1,"tombstone:grave_dust":2,"minecraft:white_bed":10,"minecraft:spider_eye":2,"born_in_chaos_v1:fire_dust":1,"minecraft:chainmail_helmet":1,"minecraft:emerald":8,"minecraft:baked_potato":2,"minecraft:dark_oak_fence":3,"minecraft:mutton":14,"minecraft:blaze_powder":5,"minecraft:coal":125,"minecraft:white_wool":7,"iceandfire:raw_silver":1,"minecraft:cobblestone":133},"minecraft:broken":{"minecraft:shield":2,"minecraft:iron_leggings":1}},"DataVersion":3465}