{"stats":{"minecraft:picked_up":{"minecraft:stripped_oak_log":19,"minecraft:crafting_table":1,"minecraft:iron_leggings":1,"minecraft:chainmail_boots":1,"minecraft:iron_ingot":61,"minecraft:chainmail_helmet":1},"minecraft:mined":{"luminousworld:palm_log":1,"minecraft:crafting_table":1},"minecraft:custom":{"minecraft:time_since_rest":3020,"minecraft:crouch_one_cm":589,"minecraft:play_time":3990,"minecraft:sprint_one_cm":12110,"minecraft:walk_one_cm":9173,"minecraft:damage_taken":225,"minecraft:deaths":1,"minecraft:sneak_time":179,"tombstone:sneak_grave":1,"minecraft:jump":58,"minecraft:time_since_death":3319,"minecraft:total_world_time":3990,"minecraft:interact_with_crafting_table":2,"minecraft:fall_one_cm":2148,"minecraft:fly_one_cm":18806},"minecraft:killed_by":{"minecraft:player":1},"minecraft:used":{"minecraft:iron_chestplate":1,"minecraft:crafting_table":1,"minecraft:iron_axe":1,"tombstone:gift":1},"minecraft:crafted":{"minecraft:iron_sword":1,"minecraft:oak_planks":72,"minecraft:stripped_oak_wood":3,"minecraft:iron_chestplate":1,"minecraft:shield":1,"minecraft:iron_axe":1,"minecraft:crafting_table":1,"minecraft:stick":12,"minecraft:iron_pickaxe":1}},"DataVersion":3465}