{"stats":{"minecraft:picked_up":{"minecraft:stripped_oak_log":19,"minecraft:crafting_table":3,"illagerinvasion:platinum_chunk":6,"minecraft:chainmail_boots":1,"minecraft:chicken":1,"minecraft:chainmail_chestplate":1,"tombstone:grave_dust":2,"minecraft:white_bed":1,"minecraft:dirt":1,"minecraft:white_banner":1,"minecraft:iron_leggings":1,"minecraft:iron_ingot":61,"minecraft:cooked_chicken":1,"minecraft:emerald":8,"minecraft:chainmail_helmet":1,"minecraft:dark_oak_fence":3,"minecraft:mutton":5,"minecraft:coal":55,"minecraft:white_wool":3,"minecraft:cobblestone":16,"minecraft:furnace":1},"minecraft:dropped":{"minecraft:dark_oak_fence":3},"minecraft:mined":{"minecraft:white_bed":1,"minecraft:furnace":1,"minecraft:crafting_table":3,"minecraft:dark_oak_fence":7,"minecraft:grass":4,"minecraft:coal_ore":28,"minecraft:dirt":1,"luminousworld:grassvariant_2":3,"luminousworld:grassvariant_3":1,"luminousworld:palm_log":1,"minecraft:stone":16},"minecraft:custom":{"minecraft:time_since_rest":2146,"minecraft:interact_with_furnace":3,"minecraft:sprint_one_cm":53096,"minecraft:damage_taken":727,"minecraft:walk_one_cm":48889,"minecraft:damage_blocked_by_shield":145,"tombstone:sneak_grave":1,"minecraft:mob_kills":18,"minecraft:drop":1,"tombstone:raider_killed":12,"minecraft:damage_dealt":4149,"minecraft:swim_one_cm":5036,"minecraft:interact_with_crafting_table":4,"minecraft:fly_one_cm":75016,"minecraft:open_chest":2,"minecraft:crouch_one_cm":742,"tombstone:undead_killed":2,"minecraft:play_time":15990,"minecraft:deaths":1,"minecraft:sneak_time":287,"minecraft:walk_under_water_one_cm":290,"minecraft:damage_dealt_resisted":104,"minecraft:jump":403,"minecraft:time_since_death":15319,"minecraft:walk_on_water_one_cm":1038,"minecraft:sleep_in_bed":1,"minecraft:total_world_time":15990,"minecraft:fall_one_cm":10289},"minecraft:killed":{"minecraft:sheep":3,"minecraft:pillager":12,"born_in_chaos_v1:bone_imp_minion":2,"minecraft:chicken":1},"minecraft:killed_by":{"minecraft:player":1},"minecraft:used":{"minecraft:cooked_mutton":5,"minecraft:iron_axe":11,"minecraft:iron_pickaxe":46,"minecraft:shield":6,"minecraft:iron_sword":91,"minecraft:cooked_chicken":1,"minecraft:iron_chestplate":1,"minecraft:dirt":1,"minecraft:crafting_table":3,"minecraft:furnace":1,"minecraft:white_bed":2,"tombstone:gift":1},"minecraft:crafted":{"minecraft:oak_planks":72,"minecraft:iron_chestplate":1,"minecraft:shield":1,"minecraft:iron_axe":1,"minecraft:crafting_table":1,"minecraft:stick":12,"minecraft:iron_pickaxe":1,"minecraft:iron_sword":1,"minecraft:furnace":1,"minecraft:white_bed":1,"minecraft:stripped_oak_wood":3,"minecraft:air":0,"minecraft:cooked_mutton":5}},"DataVersion":3465}