{"stats":{"minecraft:picked_up":{"minecraft:stripped_oak_log":19,"minecraft:crafting_table":4,"minecraft:chainmail_boots":1,"illagerinvasion:platinum_chunk":6,"minecraft:chicken":1,"minecraft:leather":1,"minecraft:potato":1,"minecraft:chainmail_chestplate":1,"minecraft:dirt":1,"minecraft:string":4,"minecraft:white_banner":1,"minecraft:iron_leggings":1,"minecraft:beef":9,"minecraft:iron_ingot":61,"minecraft:cooked_chicken":1,"minecraft:iron_sword":2,"minecraft:iron_boots":1,"minecraft:furnace":2,"tombstone:grave_dust":2,"minecraft:white_bed":3,"minecraft:spider_eye":1,"born_in_chaos_v1:fire_dust":1,"minecraft:chainmail_helmet":1,"minecraft:emerald":8,"minecraft:baked_potato":2,"minecraft:mutton":5,"minecraft:dark_oak_fence":3,"minecraft:coal":81,"minecraft:blaze_powder":5,"minecraft:white_wool":3,"minecraft:cobblestone":16},"minecraft:dropped":{"minecraft:enchanted_book":1,"minecraft:leather":1,"minecraft:dark_oak_fence":3,"minecraft:spider_eye":1},"minecraft:mined":{"minecraft:white_bed":3,"minecraft:crafting_table":4,"minecraft:dark_oak_fence":7,"luminousworld:grassvariant_2":7,"minecraft:furnace":2,"minecraft:grass":16,"minecraft:coal_ore":28,"minecraft:dirt":1,"luminousworld:grassvariant_3":2,"minecraft:cobweb":3,"luminousworld:palm_log":1,"minecraft:stone":16},"minecraft:custom":{"minecraft:interact_with_furnace":12,"minecraft:mob_kills":26,"tombstone:raider_killed":12,"minecraft:interact_with_crafting_table":5,"minecraft:damage_dealt_resisted":1211,"minecraft:time_since_death":9483,"minecraft:sleep_in_bed":2,"minecraft:time_since_rest":1038,"minecraft:sprint_one_cm":86960,"minecraft:damage_taken":1770,"minecraft:walk_one_cm":77774,"minecraft:damage_blocked_by_shield":145,"tombstone:sneak_grave":1,"minecraft:drop":4,"minecraft:damage_dealt":6460,"minecraft:swim_one_cm":6360,"minecraft:fly_one_cm":155770,"minecraft:open_chest":2,"minecraft:crouch_one_cm":750,"minecraft:play_time":27990,"tombstone:undead_killed":7,"minecraft:deaths":5,"minecraft:sneak_time":374,"minecraft:walk_under_water_one_cm":2358,"minecraft:jump":792,"minecraft:walk_on_water_one_cm":6371,"minecraft:total_world_time":27990,"minecraft:fall_one_cm":20525},"minecraft:killed":{"born_in_chaos_v1:bone_imp_minion":7,"minecraft:sheep":3,"minecraft:pillager":12,"minecraft:chicken":1,"earthmobsmod:albino_cow":2},"minecraft:killed_by":{"minecraft:player":1,"born_in_chaos_v1:supreme_bonescaller_stage_2":1,"born_in_chaos_v1:bone_imp_minion":2},"minecraft:used":{"minecraft:cooked_mutton":5,"minecraft:baked_potato":3,"minecraft:shield":6,"minecraft:iron_sword":157,"minecraft:cooked_chicken":1,"minecraft:iron_chestplate":1,"minecraft:dirt":1,"minecraft:crafting_table":4,"minecraft:white_bed":3,"minecraft:iron_axe":17,"minecraft:iron_pickaxe":47,"minecraft:cobblestone":1,"minecraft:furnace":3,"tombstone:gift":5},"minecraft:crafted":{"minecraft:oak_planks":72,"minecraft:crafting_table":1,"minecraft:baked_potato":2,"minecraft:iron_sword":1,"minecraft:furnace":1,"minecraft:stripped_oak_wood":3,"minecraft:cooked_mutton":5,"minecraft:air":0,"minecraft:iron_chestplate":1,"minecraft:shield":1,"minecraft:iron_axe":1,"minecraft:stick":16,"minecraft:iron_pickaxe":1,"minecraft:white_bed":1,"minecraft:torch":44}},"DataVersion":3465}