{"stats":{"minecraft:dropped":{"minecraft:enchanted_book":1,"minecraft:iron_sword":3,"luminousworld:sunset_petunias":3,"minecraft:wheat_seeds":2,"luminousworld:yellowpetunias":1,"minecraft:cobblestone":62,"minecraft:leather":1,"minecraft:chainmail_helmet":1,"minecraft:magenta_bed":1,"minecraft:dirt":2,"minecraft:dark_oak_fence":3,"minecraft:sand":28,"earthmobsmod:duck_egg":1,"minecraft:white_wool":1,"minecraft:cobbled_deepslate":16,"minecraft:wheat":1,"minecraft:spider_eye":2,"minecraft:wooden_pickaxe":1,"minecraft:bow":1,"luminousworld:blue_petunias":1},"minecraft:custom":{"minecraft:mob_kills":47,"minecraft:animals_bred":1,"minecraft:interact_with_crafting_table":15,"minecraft:damage_dealt_resisted":1211,"minecraft:leave_game":2,"minecraft:time_since_death":15633,"minecraft:sprint_one_cm":443182,"minecraft:walk_one_cm":373287,"minecraft:damage_blocked_by_shield":540,"minecraft:drop":26,"minecraft:play_time":170490,"minecraft:deaths":14,"minecraft:sneak_time":4416,"minecraft:walk_under_water_one_cm":17860,"minecraft:jump":3506,"minecraft:walk_on_water_one_cm":37145,"minecraft:total_world_time":170490,"minecraft:interact_with_furnace":13,"tombstone:raider_killed":12,"minecraft:sleep_in_bed":12,"minecraft:time_since_rest":9554,"minecraft:damage_taken":5589,"tombstone:sneak_grave":1,"minecraft:damage_dealt":10619,"minecraft:swim_one_cm":36749,"minecraft:fly_one_cm":783425,"minecraft:open_chest":12,"minecraft:crouch_one_cm":7622,"tombstone:undead_killed":11,"minecraft:fall_one_cm":77276},"minecraft:killed":{"minecraft:cave_spider":1,"undead_revamp2:theimmortal":2,"enemyexpansion:direwolf":1,"minecraft:skeleton":2,"mowziesmobs:ferrous_wroughtnaut":1,"minecraft:chicken":1,"earthmobsmod:albino_cow":2,"minecraft:pig":4,"born_in_chaos_v1:bone_imp_minion":7,"minecraft:creeper":1,"minecraft:sheep":8,"minecraft:pillager":12,"minecraft:cow":3},"minecraft:used":{"minecraft:shield":8,"minecraft:iron_sword":272,"minecraft:cooked_chicken":1,"minecraft:iron_chestplate":1,"minecraft:torch":63,"minecraft:dirt":3,"minecraft:iron_axe":23,"minecraft:light_gray_wool":1,"minecraft:furnace":3,"tombstone:gift":7,"minecraft:cooked_beef":9,"minecraft:cobbled_deepslate":49,"minecraft:cooked_mutton":5,"minecraft:water_bucket":2,"minecraft:baked_potato":3,"minecraft:oak_planks":54,"minecraft:wooden_pickaxe":3,"luminousworld:ishstone":2,"minecraft:white_wool":2,"minecraft:crafting_table":9,"minecraft:white_bed":16,"mowziesmobs:wrought_axe":59,"earthmobsmod:duck_egg":1,"ad_astra:oil_bucket":4,"minecraft:diamond_pickaxe":331,"minecraft:bread":22,"minecraft:iron_pickaxe":751,"minecraft:fishing_rod":1,"minecraft:cobblestone":96,"minecraft:white_banner":1,"minecraft:bucket":6,"minecraft:oak_boat":1},"minecraft:crafted":{"minecraft:oak_planks":172,"minecraft:furnace":1,"minecraft:cooked_mutton":5,"minecraft:iron_axe":1,"sophisticatedbackpacks:iron_backpack":1,"minecraft:cooked_beef":9,"sophisticatedbackpacks:backpack":1,"minecraft:crafting_table":2,"minecraft:wooden_pickaxe":1,"minecraft:baked_potato":2,"minecraft:iron_sword":1,"minecraft:stripped_oak_wood":3,"minecraft:air":0,"minecraft:oak_boat":1,"minecraft:iron_chestplate":1,"minecraft:diamond_pickaxe":1,"minecraft:shield":2,"minecraft:stick":264,"quark:oak_chest":1,"minecraft:iron_pickaxe":3,"minecraft:white_bed":1,"minecraft:torch":44},"minecraft:killed_by":{"minecraft:player":2,"minecraft:pillager":1,"born_in_chaos_v1:bone_imp_minion":2,"mowziesmobs:ferrous_wroughtnaut":4,"born_in_chaos_v1:diamond_termite":1,"minecraft:witch":1,"born_in_chaos_v1:supreme_bonescaller_stage_2":1},"minecraft:mined":{"minecraft:tuff":8,"minecraft:white_bed":16,"iceandfire:silver_ore":1,"minecraft:deepslate_diamond_ore":80,"born_in_chaos_v1:infected_diamond_ore":1,"minecraft:dark_oak_fence":7,"minecraft:grass_block":3,"luminousworld:grassvariant_2":9,"minecraft:spawner":1,"minecraft:redstone_ore":6,"minecraft:furnace":3,"minecraft:iron_ore":23,"minecraft:deepslate_lapis_ore":12,"minecraft:deepslate_iron_ore":10,"minecraft:stone":171,"minecraft:white_wool":3,"minecraft:deepslate_redstone_ore":28,"minecraft:crafting_table":8,"minecraft:torch":11,"minecraft:tall_grass":7,"minecraft:cobblestone":14,"minecraft:deepslate_gold_ore":56,"minecraft:sugar_cane":7,"minecraft:wall_torch":7,"minecraft:grass":21,"minecraft:coal_ore":108,"minecraft:oak_log":55,"luminousworld:ishstone":2,"minecraft:gravel":8,"minecraft:dirt":2,"luminousworld:grassvariant_3":2,"minecraft:cobweb":13,"luminousworld:palm_log":1,"minecraft:deepslate":541},"minecraft:picked_up":{"minecraft:crafting_table":8,"minecraft:chainmail_boots":1,"illagerinvasion:platinum_chunk":6,"minecraft:chicken":1,"minecraft:string":29,"minecraft:iron_leggings":1,"minecraft:cobbled_deepslate":546,"earthmobsmod:duck_egg":2,"minecraft:beef":9,"minecraft:oak_boat":1,"minecraft:light_gray_wool":1,"minecraft:sugar_cane":15,"minecraft:furnace":3,"minecraft:iron_boots":1,"minecraft:raw_iron":33,"luminousworld:blue_petunias":1,"minecraft:torch":20,"minecraft:porkchop":6,"tombstone:grave_dust":2,"born_in_chaos_v1:pieceofdarkmetal":1,"minecraft:redstone":150,"minecraft:arrow":1,"minecraft:mutton":14,"minecraft:cobblestone":181,"minecraft:white_wool":7,"minecraft:blaze_powder":5,"minecraft:stripped_oak_log":19,"minecraft:water_bucket":1,"luminousworld:ishstone":2,"minecraft:leather":5,"minecraft:potato":1,"minecraft:flint":1,"minecraft:tuff":8,"minecraft:oak_log":55,"minecraft:chainmail_chestplate":1,"minecraft:magenta_bed":1,"minecraft:gunpowder":3,"mowziesmobs:wrought_axe":1,"minecraft:lapis_lazuli":73,"minecraft:dirt":5,"minecraft:white_banner":1,"minecraft:bone":2,"minecraft:bow":2,"minecraft:wheat_seeds":2,"minecraft:raw_gold":56,"minecraft:iron_ingot":61,"minecraft:cooked_chicken":1,"minecraft:iron_sword":5,"minecraft:gravel":15,"luminousworld:sunset_petunias":3,"minecraft:sand":18,"mowziesmobs:wrought_helmet":1,"minecraft:white_bed":16,"minecraft:spider_eye":2,"minecraft:bundle":1,"born_in_chaos_v1:fire_dust":1,"minecraft:diamond":78,"luminousworld:yellowpetunias":1,"minecraft:emerald":8,"minecraft:chainmail_helmet":1,"minecraft:baked_potato":2,"minecraft:coal":174,"minecraft:dark_oak_fence":3,"iceandfire:raw_silver":1},"minecraft:broken":{"minecraft:iron_leggings":1,"minecraft:shield":2,"minecraft:iron_sword":1,"minecraft:iron_pickaxe":3}},"DataVersion":3465}