{"stats":{"minecraft:broken":{"aether:golden_gloves":1,"minecraft:iron_leggings":1,"minecraft:chainmail_boots":1,"minecraft:diamond_pickaxe":1,"minecraft:iron_sword":1,"minecraft:shield":2,"minecraft:iron_pickaxe":3},"minecraft:crafted":{"minecraft:oak_planks":172,"minecraft:cooked_chicken":8,"sophisticatedbackpacks:crafting_upgrade":1,"minecraft:cooked_mutton":16,"minecraft:glass":32,"sophisticatedbackpacks:smelting_upgrade":1,"minecraft:diamond_helmet":2,"minecraft:diamond_leggings":2,"minecraft:cooked_rabbit":2,"minecraft:glass_bottle":6,"sophisticatedbackpacks:backpack":1,"minecraft:crafting_table":4,"minecraft:wooden_pickaxe":1,"minecraft:baked_potato":29,"minecraft:brewing_stand":2,"sophisticatedbackpacks:upgrade_base":3,"minecraft:iron_chestplate":1,"minecraft:diamond_pickaxe":2,"minecraft:shield":3,"sophisticatedbackpacks:diamond_backpack":1,"minecraft:stick":264,"quark:oak_chest":3,"minecraft:iron_ingot":51,"minecraft:iron_pickaxe":3,"minecraft:gold_ingot":128,"minecraft:netherite_ingot":5,"minecraft:shears":1,"minecraft:golden_carrot":28,"minecraft:furnace":4,"minecraft:iron_axe":1,"minecraft:iron_hoe":1,"minecraft:diamond_boots":2,"minecraft:netherite_scrap":4,"minecraft:wheat":99,"sophisticatedbackpacks:iron_backpack":1,"minecraft:cooked_beef":19,"minecraft:iron_sword":2,"minecraft:stripped_oak_wood":3,"sophisticatedbackpacks:gold_backpack":1,"minecraft:bucket":1,"minecraft:bread":38,"minecraft:air":0,"minecraft:oak_boat":1,"minecraft:gold_nugget":225,"minecraft:raw_gold":63,"minecraft:iron_shovel":1,"minecraft:white_bed":1,"minecraft:torch":44,"minecraft:diamond_chestplate":2},"minecraft:mined":{"minecraft:white_bed":17,"minecraft:orange_stained_glass":3,"minecraft:red_nether_bricks":5,"minecraft:red_sand":49,"minecraft:grass_block":4,"minecraft:soul_soil":3,"minecraft:spawner":1,"minecraft:magma_block":20,"minecraft:red_nether_brick_stairs":3,"minecraft:iron_ore":35,"minecraft:cobbled_deepslate":14,"minecraft:fire":3,"minecraft:deepslate_lapis_ore":18,"minecraft:nether_brick_stairs":9,"minecraft:deepslate_redstone_ore":29,"minecraft:blackstone":19,"minecraft:smoker":1,"minecraft:torch":11,"minecraft:nether_brick_slab":1,"minecraft:nether_quartz_ore":23,"minecraft:cobblestone":14,"minecraft:sugar_cane":7,"minecraft:wall_torch":8,"minecraft:wheat":31,"minecraft:grass":33,"minecraft:oak_log":55,"minecraft:sand":54,"minecraft:dirt":3,"luminousworld:grassvariant_3":2,"luminousworld:palm_log":1,"minecraft:netherrack":1154,"minecraft:ancient_debris":40,"minecraft:deepslate":543,"minecraft:yellow_terracotta":1,"minecraft:tuff":8,"iceandfire:silver_ore":2,"minecraft:deepslate_diamond_ore":80,"born_in_chaos_v1:infected_diamond_ore":1,"minecraft:nether_bricks":98,"minecraft:dark_oak_fence":7,"placeablesmod:wheat_block_1":1,"iceandfire:deepslate_silver_ore":1,"luminousworld:grassvariant_2":12,"minecraft:cracked_nether_bricks":2,"minecraft:hay_block":11,"minecraft:black_stained_glass_pane":2,"minecraft:redstone_ore":6,"minecraft:furnace":6,"minecraft:raw_gold_block":7,"minecraft:red_sandstone":245,"minecraft:polished_basalt":31,"minecraft:green_terracotta":6,"minecraft:andesite":10,"minecraft:nether_brick_fence":5,"minecraft:deepslate_iron_ore":16,"minecraft:stone":238,"minecraft:bone_block":25,"minecraft:white_wool":3,"minecraft:chiseled_nether_bricks":2,"minecraft:basalt":68,"supplementaries:ashen_basalt":5,"minecraft:crafting_table":10,"minecraft:campfire":4,"minecraft:tall_grass":9,"minecraft:deepslate_gold_ore":56,"minecraft:diorite":7,"minecraft:coal_ore":108,"luminousworld:ishstone":2,"minecraft:gravel":27,"minecraft:lodestone":1,"minecraft:cobweb":29},"minecraft:dropped":{"minecraft:nether_brick_stairs":3,"minecraft:iron_sword":4,"luminousworld:yellowpetunias":1,"minecraft:cooked_beef":5,"minecraft:glow_ink_sac":2,"minecraft:glass_bottle":1,"minecraft:diamond":14,"minecraft:crafting_table":1,"minecraft:red_sandstone":241,"minecraft:leather":1,"minecraft:iron_horse_armor":1,"born_in_chaos_v1:pieceofdarkmetal":1,"minecraft:leather_helmet":1,"minecraft:dirt":14,"minecraft:dark_oak_fence":3,"minecraft:sand":28,"minecraft:white_wool":1,"minecraft:gold_ingot":25,"minecraft:bone":8,"minecraft:gravel":31,"minecraft:blackstone":2,"minecraft:cobbled_deepslate":18,"minecraft:wheat":2,"minecraft:rotten_flesh":1,"aether:leather_gloves":2,"minecraft:nether_brick_fence":4,"minecraft:azure_bluet":1,"supplementaries:ash":1,"minecraft:charcoal":8,"minecraft:red_nether_bricks":4,"minecraft:arrow":1,"minecraft:cracked_nether_bricks":1,"minecraft:quartz":20,"minecraft:netherrack":582,"minecraft:enchanted_book":1,"minecraft:iron_ingot":30,"luminousworld:sunset_petunias":3,"minecraft:wheat_seeds":59,"minecraft:golden_horse_armor":1,"minecraft:diamond_leggings":1,"minecraft:cobblestone":62,"minecraft:chainmail_helmet":1,"minecraft:stick":64,"minecraft:magenta_bed":1,"minecraft:diorite":10,"minecraft:diamond_helmet":1,"minecraft:iron_axe":1,"earthmobsmod:duck_egg":1,"minecraft:nether_brick_slab":1,"minecraft:stone_sword":1,"minecraft:tuff":8,"iceandfire:witherbone":5,"minecraft:iron_hoe":1,"minecraft:nether_bricks":11,"minecraft:red_nether_brick_stairs":2,"minecraft:diamond_chestplate":1,"minecraft:diamond_pickaxe":1,"minecraft:iron_chestplate":2,"minecraft:andesite":10,"minecraft:oak_boat":1,"minecraft:golden_sword":1,"minecraft:spider_eye":2,"minecraft:diamond_boots":1,"minecraft:red_sand":50,"minecraft:bow":2,"luminousworld:blue_petunias":1,"minecraft:wooden_pickaxe":2,"minecraft:magma_block":19},"minecraft:used":{"minecraft:iron_shovel":112,"minecraft:bone_block":15,"minecraft:polished_basalt":28,"minecraft:shield":16,"minecraft:iron_sword":309,"earthmobsmod:fancy_egg":2,"minecraft:green_terracotta":6,"minecraft:iron_chestplate":1,"minecraft:nether_bricks":74,"minecraft:obsidian":4,"minecraft:bow":22,"minecraft:furnace":9,"minecraft:oak_planks":54,"minecraft:blackstone":12,"minecraft:wooden_pickaxe":3,"minecraft:white_wool":2,"minecraft:shears":7,"ad_astra:oil_bucket":4,"earthmobsmod:duck_egg":2,"minecraft:bread":61,"tombstone:grave_key":1,"minecraft:cooked_rabbit":2,"minecraft:oak_boat":1,"minecraft:air":1,"minecraft:cobweb":7,"minecraft:cooked_chicken":9,"minecraft:netherrack":491,"minecraft:torch":64,"minecraft:brewing_stand":2,"minecraft:dirt":3,"luminousworld:grassflowers":1,"minecraft:nether_brick_stairs":1,"minecraft:yellow_stained_glass":8,"minecraft:iron_axe":23,"minecraft:light_gray_wool":1,"minecraft:basalt":61,"minecraft:golden_carrot":14,"tombstone:gift":9,"minecraft:cooked_beef":16,"minecraft:cobbled_deepslate":268,"minecraft:wheat_seeds":31,"minecraft:cooked_mutton":16,"minecraft:water_bucket":11,"minecraft:lodestone":1,"minecraft:glass_bottle":38,"minecraft:baked_potato":12,"luminousworld:yellow_grassflowers":1,"luminousworld:ishstone":2,"minecraft:crafting_table":12,"minecraft:white_bed":18,"minecraft:smoker":1,"mowziesmobs:wrought_axe":253,"minecraft:diamond_pickaxe":2172,"minecraft:apple":9,"minecraft:iron_pickaxe":830,"minecraft:fishing_rod":1,"minecraft:cobblestone":158,"minecraft:potion":13,"minecraft:white_banner":1,"minecraft:porkchop":1,"minecraft:bucket":16,"minecraft:pumpkin_pie":1,"quark:oak_chest":1},"minecraft:killed":{"minecraft:cave_spider":1,"minecraft:skeleton":4,"minecraft:chicken":1,"alexsmobs:straddler":2,"enemyexpansion:vampflyer":1,"minecraft:magma_cube":1,"minecraft:piglin":2,"minecraft:pig":4,"born_in_chaos_v1:bone_imp":1,"stalwart_dungeons:giddy_blaze":7,"alexsmobs:stradpole":2,"minecraft:creeper":1,"alexsmobs:crimson_mosquito":2,"minecraft:sheep":8,"minecraft:pillager":13,"minecraft:zombie":3,"minecraft:cow":6,"minecraft:blaze":3,"undead_revamp2:theimmortal":2,"minecraft:slime":3,"enemyexpansion:direwolf":2,"mowziesmobs:ferrous_wroughtnaut":1,"stalwart_dungeons:nether_wart_cocoon":3,"alexsmobs:soul_vulture":2,"earthmobsmod:albino_cow":2,"born_in_chaos_v1:barrel_zombie":1,"born_in_chaos_v1:bone_imp_minion":7,"earthmobsmod:cream_cow":1,"minecraft:hoglin":1,"minecraft:wither_skeleton":8},"minecraft:picked_up":{"minecraft:iron_chestplate":1,"minecraft:wheat":36,"illagerinvasion:platinum_chunk":7,"minecraft:chainmail_boots":1,"minecraft:nether_brick_fence":4,"earthmobsmod:fancy_egg":2,"minecraft:potion":8,"minecraft:nether_brick":15,"minecraft:string":39,"minecraft:soul_soil":3,"minecraft:red_nether_bricks":5,"minecraft:iron_leggings":1,"minecraft:red_sand":50,"minecraft:gold_nugget":1,"minecraft:cobbled_deepslate":663,"earthmobsmod:duck_egg":3,"minecraft:iron_pickaxe":1,"minecraft:furnace":6,"minecraft:iron_boots":1,"minecraft:torch":21,"minecraft:porkchop":10,"tombstone:grave_dust":2,"minecraft:diorite":10,"minecraft:green_terracotta":6,"luminousworld:grassflowers":1,"minecraft:stone_sword":2,"luminousworld:yellow_grassflowers":1,"minecraft:polished_basalt":28,"supplementaries:ash":2,"minecraft:blaze_rod":8,"minecraft:blaze_powder":5,"minecraft:cobblestone":244,"minecraft:leather_chestplate":1,"minecraft:magma_block":19,"minecraft:cooked_beef":2,"minecraft:magma_cream":19,"minecraft:water_bucket":1,"minecraft:andesite":10,"minecraft:smoker":1,"minecraft:potato":10,"minecraft:flint":3,"minecraft:tuff":16,"minecraft:magenta_bed":1,"minecraft:lapis_lazuli":143,"minecraft:dirt":17,"minecraft:leather_boots":1,"minecraft:bone":17,"minecraft:bow":2,"minecraft:wheat_seeds":90,"minecraft:raw_gold":56,"minecraft:rabbit":2,"minecraft:sand":71,"minecraft:nether_brick_stairs":5,"minecraft:bundle":1,"born_in_chaos_v1:fire_dust":1,"minecraft:diamond":78,"luminousworld:yellowpetunias":1,"minecraft:emerald":9,"minecraft:chainmail_helmet":1,"minecraft:netherrack":1138,"minecraft:dark_oak_fence":3,"iceandfire:raw_silver":3,"minecraft:diamond_pickaxe":1,"minecraft:charcoal":8,"minecraft:crafting_table":10,"minecraft:azure_bluet":1,"iceandfire:witherbone":9,"minecraft:chicken":1,"minecraft:leather_leggings":1,"minecraft:wooden_pickaxe":1,"aether:leather_gloves":2,"minecraft:blackstone":17,"minecraft:beef":18,"minecraft:oak_boat":2,"minecraft:light_gray_wool":1,"minecraft:sugar_cane":15,"minecraft:raw_iron":51,"minecraft:raw_gold_block":7,"luminousworld:blue_petunias":1,"born_in_chaos_v1:pieceofdarkmetal":1,"minecraft:carrot":52,"minecraft:redstone":246,"minecraft:arrow":3,"minecraft:pumpkin_pie":1,"minecraft:nether_bricks":85,"minecraft:hay_block":11,"minecraft:gold_ingot":10,"minecraft:mutton":18,"minecraft:bone_block":25,"minecraft:white_wool":7,"minecraft:stripped_oak_log":19,"minecraft:basalt":61,"luminousworld:ishstone":2,"minecraft:leather":9,"minecraft:oak_log":55,"minecraft:chainmail_chestplate":1,"minecraft:ancient_debris":40,"minecraft:gunpowder":4,"mowziesmobs:wrought_axe":1,"minecraft:white_banner":1,"minecraft:red_nether_brick_stairs":2,"minecraft:red_sandstone":241,"minecraft:iron_ingot":61,"minecraft:cooked_chicken":1,"minecraft:cobweb":7,"minecraft:iron_sword":5,"minecraft:quartz":23,"minecraft:cracked_nether_bricks":1,"luminousworld:sunset_petunias":3,"minecraft:gravel":31,"mowziesmobs:wrought_helmet":1,"minecraft:white_bed":17,"minecraft:nether_brick_slab":1,"minecraft:spider_eye":2,"minecraft:leather_helmet":1,"minecraft:slime_ball":5,"minecraft:lodestone":1,"minecraft:baked_potato":10,"minecraft:coal":236},"minecraft:killed_by":{"minecraft:pillager":1,"born_in_chaos_v1:bone_imp_minion":2,"born_in_chaos_v1:diamond_termite":1,"minecraft:witch":1,"born_in_chaos_v1:supreme_bonescaller_stage_2":1,"minecraft:player":2,"born_in_chaos_v1:barrel_zombie":1,"mowziesmobs:ferrous_wroughtnaut":4,"iceandfire:ghost":1},"minecraft:custom":{"minecraft:animals_bred":3,"minecraft:interact_with_crafting_table":44,"minecraft:open_barrel":39,"minecraft:leave_game":4,"minecraft:time_since_death":19621,"minecraft:damage_resisted":24,"minecraft:sprint_one_cm":939147,"minecraft:damage_blocked_by_shield":695,"minecraft:drop":130,"minecraft:talked_to_villager":7,"minecraft:play_time":415656,"minecraft:deaths":19,"minecraft:jump":8126,"minecraft:interact_with_brewingstand":49,"minecraft:walk_on_water_one_cm":49597,"minecraft:interact_with_furnace":78,"minecraft:sleep_in_bed":22,"tombstone:sneak_grave":1,"minecraft:damage_dealt":20340,"minecraft:crouch_one_cm":50828,"tombstone:undead_killed":29,"minecraft:interact_with_smoker":9,"minecraft:mob_kills":101,"minecraft:damage_dealt_resisted":1448,"minecraft:climb_one_cm":84,"minecraft:walk_one_cm":974208,"minecraft:damage_dealt_absorbed":272,"minecraft:sneak_time":15322,"minecraft:walk_under_water_one_cm":20528,"minecraft:total_world_time":415656,"tombstone:raider_killed":13,"minecraft:time_since_rest":19352,"minecraft:damage_taken":12398,"minecraft:swim_one_cm":43338,"minecraft:fly_one_cm":1586662,"minecraft:open_chest":54,"minecraft:fall_one_cm":186594}},"DataVersion":3465}