{"stats":{"minecraft:mined":{"minecraft:tuff":8,"minecraft:white_bed":16,"iceandfire:silver_ore":2,"minecraft:deepslate_diamond_ore":80,"minecraft:red_nether_bricks":1,"born_in_chaos_v1:infected_diamond_ore":1,"minecraft:nether_bricks":11,"minecraft:dark_oak_fence":7,"minecraft:grass_block":3,"iceandfire:deepslate_silver_ore":1,"luminousworld:grassvariant_2":9,"minecraft:cracked_nether_bricks":1,"minecraft:spawner":1,"minecraft:redstone_ore":6,"minecraft:furnace":6,"minecraft:red_nether_brick_stairs":2,"minecraft:raw_gold_block":7,"minecraft:iron_ore":35,"minecraft:fire":1,"minecraft:polished_basalt":31,"minecraft:cobbled_deepslate":14,"minecraft:andesite":10,"minecraft:deepslate_lapis_ore":18,"minecraft:nether_brick_stairs":5,"minecraft:nether_brick_fence":2,"minecraft:deepslate_iron_ore":16,"minecraft:stone":238,"minecraft:white_wool":3,"minecraft:deepslate_redstone_ore":29,"minecraft:crafting_table":9,"minecraft:torch":11,"minecraft:nether_brick_slab":1,"minecraft:tall_grass":8,"minecraft:cobblestone":14,"minecraft:deepslate_gold_ore":56,"minecraft:sugar_cane":7,"minecraft:diorite":7,"minecraft:wall_torch":8,"minecraft:grass":26,"minecraft:oak_log":55,"minecraft:coal_ore":108,"luminousworld:ishstone":2,"minecraft:gravel":8,"minecraft:dirt":3,"luminousworld:grassvariant_3":2,"minecraft:cobweb":13,"luminousworld:palm_log":1,"minecraft:ancient_debris":4,"minecraft:deepslate":543},"minecraft:custom":{"minecraft:mob_kills":57,"minecraft:animals_bred":1,"minecraft:interact_with_crafting_table":24,"minecraft:open_barrel":11,"minecraft:damage_dealt_resisted":1211,"minecraft:leave_game":2,"minecraft:time_since_death":54154,"minecraft:climb_one_cm":84,"minecraft:sprint_one_cm":610802,"minecraft:walk_one_cm":508178,"minecraft:damage_blocked_by_shield":540,"minecraft:drop":71,"minecraft:play_time":240857,"minecraft:deaths":15,"minecraft:sneak_time":6866,"minecraft:walk_under_water_one_cm":18744,"minecraft:jump":5072,"minecraft:walk_on_water_one_cm":47411,"minecraft:total_world_time":240857,"minecraft:interact_with_furnace":38,"tombstone:raider_killed":12,"minecraft:sleep_in_bed":18,"minecraft:time_since_rest":37570,"minecraft:damage_taken":6786,"tombstone:sneak_grave":1,"minecraft:damage_dealt":12850,"minecraft:swim_one_cm":38275,"minecraft:fly_one_cm":1095720,"minecraft:open_chest":19,"minecraft:crouch_one_cm":17351,"tombstone:undead_killed":18,"minecraft:fall_one_cm":116665},"minecraft:broken":{"minecraft:iron_leggings":1,"minecraft:chainmail_boots":1,"minecraft:shield":2,"minecraft:iron_sword":1,"minecraft:iron_pickaxe":3},"minecraft:crafted":{"minecraft:oak_planks":172,"minecraft:furnace":4,"minecraft:cooked_mutton":5,"minecraft:diamond_helmet":2,"minecraft:diamond_leggings":2,"minecraft:iron_axe":1,"minecraft:diamond_boots":2,"sophisticatedbackpacks:iron_backpack":1,"minecraft:cooked_beef":12,"sophisticatedbackpacks:backpack":1,"minecraft:crafting_table":2,"minecraft:wooden_pickaxe":1,"minecraft:baked_potato":2,"minecraft:iron_sword":1,"minecraft:stripped_oak_wood":3,"minecraft:bucket":1,"minecraft:air":0,"minecraft:oak_boat":1,"minecraft:iron_chestplate":1,"minecraft:diamond_pickaxe":1,"minecraft:shield":2,"minecraft:raw_gold":63,"minecraft:stick":264,"quark:oak_chest":1,"minecraft:iron_ingot":33,"minecraft:iron_pickaxe":3,"minecraft:gold_ingot":47,"minecraft:white_bed":1,"minecraft:torch":44,"minecraft:diamond_chestplate":2},"minecraft:dropped":{"minecraft:nether_brick_stairs":2,"minecraft:enchanted_book":1,"minecraft:iron_ingot":30,"minecraft:iron_sword":3,"luminousworld:sunset_petunias":3,"minecraft:wheat_seeds":3,"luminousworld:yellowpetunias":1,"minecraft:glow_ink_sac":2,"minecraft:golden_horse_armor":1,"minecraft:diamond":14,"minecraft:diamond_leggings":1,"minecraft:cobblestone":62,"minecraft:leather":1,"minecraft:iron_horse_armor":1,"born_in_chaos_v1:pieceofdarkmetal":1,"minecraft:chainmail_helmet":1,"minecraft:magenta_bed":1,"minecraft:stick":64,"minecraft:dirt":12,"minecraft:diorite":10,"minecraft:dark_oak_fence":3,"minecraft:diamond_helmet":1,"minecraft:iron_axe":1,"minecraft:sand":28,"earthmobsmod:duck_egg":1,"minecraft:white_wool":1,"minecraft:gold_ingot":25,"minecraft:bone":8,"minecraft:gravel":15,"minecraft:nether_brick_slab":1,"minecraft:stone_sword":1,"minecraft:cobbled_deepslate":18,"minecraft:tuff":8,"minecraft:wheat":1,"iceandfire:witherbone":1,"minecraft:rotten_flesh":1,"minecraft:nether_brick_fence":2,"minecraft:azure_bluet":1,"minecraft:nether_bricks":11,"minecraft:red_nether_brick_stairs":2,"minecraft:diamond_chestplate":1,"minecraft:iron_chestplate":2,"minecraft:andesite":10,"minecraft:golden_sword":1,"minecraft:spider_eye":2,"minecraft:diamond_boots":1,"minecraft:arrow":1,"minecraft:wooden_pickaxe":2,"minecraft:bow":2,"luminousworld:blue_petunias":1},"minecraft:used":{"minecraft:polished_basalt":28,"minecraft:shield":8,"minecraft:iron_sword":272,"minecraft:cooked_chicken":1,"minecraft:iron_chestplate":1,"minecraft:torch":64,"minecraft:dirt":3,"minecraft:iron_axe":23,"minecraft:light_gray_wool":1,"minecraft:furnace":9,"tombstone:gift":7,"minecraft:cooked_beef":14,"minecraft:cobbled_deepslate":268,"minecraft:cooked_mutton":5,"minecraft:water_bucket":3,"minecraft:baked_potato":12,"minecraft:oak_planks":54,"minecraft:wooden_pickaxe":3,"luminousworld:ishstone":2,"minecraft:white_wool":2,"minecraft:crafting_table":10,"minecraft:white_bed":17,"mowziesmobs:wrought_axe":100,"ad_astra:oil_bucket":4,"earthmobsmod:duck_egg":2,"minecraft:apple":6,"minecraft:diamond_pickaxe":448,"minecraft:bread":23,"minecraft:iron_pickaxe":830,"minecraft:fishing_rod":1,"minecraft:cobblestone":156,"minecraft:white_banner":1,"minecraft:bucket":8,"minecraft:oak_boat":1},"minecraft:killed_by":{"minecraft:player":2,"minecraft:pillager":1,"born_in_chaos_v1:bone_imp_minion":2,"born_in_chaos_v1:barrel_zombie":1,"mowziesmobs:ferrous_wroughtnaut":4,"born_in_chaos_v1:diamond_termite":1,"minecraft:witch":1,"born_in_chaos_v1:supreme_bonescaller_stage_2":1},"minecraft:killed":{"minecraft:cave_spider":1,"undead_revamp2:theimmortal":2,"enemyexpansion:direwolf":2,"minecraft:skeleton":2,"mowziesmobs:ferrous_wroughtnaut":1,"minecraft:chicken":1,"earthmobsmod:albino_cow":2,"enemyexpansion:vampflyer":1,"born_in_chaos_v1:barrel_zombie":1,"minecraft:pig":4,"born_in_chaos_v1:bone_imp_minion":7,"earthmobsmod:cream_cow":1,"minecraft:creeper":1,"minecraft:sheep":8,"minecraft:pillager":12,"minecraft:zombie":3,"minecraft:wither_skeleton":2,"minecraft:cow":3},"minecraft:picked_up":{"minecraft:iron_chestplate":1,"minecraft:crafting_table":9,"iceandfire:witherbone":1,"minecraft:azure_bluet":1,"minecraft:chainmail_boots":1,"illagerinvasion:platinum_chunk":6,"minecraft:chicken":1,"minecraft:nether_brick_fence":2,"minecraft:wooden_pickaxe":1,"minecraft:string":29,"minecraft:red_nether_bricks":1,"minecraft:iron_leggings":1,"minecraft:cobbled_deepslate":663,"minecraft:gold_nugget":1,"earthmobsmod:duck_egg":3,"minecraft:beef":12,"minecraft:oak_boat":1,"minecraft:iron_pickaxe":1,"minecraft:light_gray_wool":1,"minecraft:sugar_cane":15,"minecraft:iron_boots":1,"minecraft:furnace":6,"minecraft:raw_iron":51,"minecraft:raw_gold_block":7,"luminousworld:blue_petunias":1,"minecraft:torch":21,"minecraft:porkchop":6,"tombstone:grave_dust":2,"minecraft:diorite":10,"born_in_chaos_v1:pieceofdarkmetal":1,"minecraft:redstone":246,"minecraft:stone_sword":1,"minecraft:arrow":1,"minecraft:nether_bricks":11,"minecraft:polished_basalt":28,"minecraft:gold_ingot":10,"minecraft:mutton":14,"minecraft:blaze_powder":5,"minecraft:white_wool":7,"minecraft:cobblestone":244,"minecraft:stripped_oak_log":19,"minecraft:cooked_beef":2,"minecraft:water_bucket":1,"minecraft:andesite":10,"luminousworld:ishstone":2,"minecraft:leather":5,"minecraft:potato":1,"minecraft:flint":1,"minecraft:tuff":16,"minecraft:oak_log":55,"minecraft:chainmail_chestplate":1,"minecraft:ancient_debris":4,"minecraft:magenta_bed":1,"minecraft:gunpowder":4,"mowziesmobs:wrought_axe":1,"minecraft:lapis_lazuli":143,"minecraft:dirt":15,"minecraft:white_banner":1,"minecraft:bone":8,"minecraft:red_nether_brick_stairs":2,"minecraft:bow":2,"minecraft:wheat_seeds":3,"minecraft:raw_gold":56,"minecraft:iron_ingot":61,"minecraft:cooked_chicken":1,"minecraft:iron_sword":5,"luminousworld:sunset_petunias":3,"minecraft:gravel":15,"minecraft:sand":18,"mowziesmobs:wrought_helmet":1,"minecraft:nether_brick_stairs":3,"minecraft:white_bed":16,"minecraft:nether_brick_slab":1,"minecraft:spider_eye":2,"minecraft:bundle":1,"born_in_chaos_v1:fire_dust":1,"minecraft:diamond":78,"luminousworld:yellowpetunias":1,"minecraft:chainmail_helmet":1,"minecraft:emerald":8,"minecraft:baked_potato":10,"minecraft:dark_oak_fence":3,"minecraft:coal":226,"iceandfire:raw_silver":3}},"DataVersion":3465}